#
# There is insufficient memory for the Java Runtime Environment to continue.
# Native memory allocation (mmap) failed to map 65536 bytes. Error detail: Failed to commit metaspace.
# Possible reasons:
#   The system is out of physical RAM or swap space
#   This process is running with CompressedOops enabled, and the Java Heap may be blocking the growth of the native heap
# Possible solutions:
#   Reduce memory load on the system
#   Increase physical memory or swap space
#   Check if swap backing store is full
#   Decrease Java heap size (-Xmx/-Xms)
#   Decrease number of Java threads
#   Decrease Java thread stack sizes (-Xss)
#   Set larger code cache with -XX:ReservedCodeCacheSize=
#   JVM is running with Unscaled Compressed Oops mode in which the Java heap is
#     placed in the first 4GB address space. The Java Heap base address is the
#     maximum limit for the native heap growth. Please use -XX:HeapBaseMinAddress
#     to set the Java Heap base and to place the Java Heap above 4GB virtual address.
# This output file may be truncated or incomplete.
#
#  Out of Memory Error (virtualSpaceNode.cpp:113), pid=5792, tid=5888
#
# JRE version: OpenJDK Runtime Environment Temurin-21.0.10+7 (21.0.10+7) (build 21.0.10+7-LTS)
# Java VM: OpenJDK 64-Bit Server VM Temurin-21.0.10+7 (21.0.10+7-LTS, mixed mode, sharing, tiered, compressed oops, compressed class ptrs, parallel gc, windows-amd64)
# No core dump will be written. Minidumps are not enabled by default on client versions of Windows
#

---------------  S U M M A R Y ------------

Command Line: --add-modules=ALL-SYSTEM --add-opens=java.base/java.util=ALL-UNNAMED --add-opens=java.base/java.lang=ALL-UNNAMED --add-opens=java.base/sun.nio.fs=ALL-UNNAMED -Declipse.application=org.eclipse.jdt.ls.core.id1 -Dosgi.bundles.defaultStartLevel=4 -Declipse.product=org.eclipse.jdt.ls.core.product -Djava.import.generatesMetadataFilesAtProjectRoot=false -DDetectVMInstallationsJob.disabled=true -Dfile.encoding=utf8 -XX:+UseParallelGC -XX:GCTimeRatio=4 -XX:AdaptiveSizePolicyWeight=90 -Dsun.zip.disableMemoryMapping=true -Xmx2G -Xms100m -Xlog:disable -javaagent:c:\Users\menete\.vscode\extensions\redhat.java-1.53.0-win32-x64\lombok\lombok-1.18.39-4050.jar c:\Users\menete\.vscode\extensions\redhat.java-1.53.0-win32-x64\server\plugins\org.eclipse.equinox.launcher_1.7.100.v20251111-0406.jar -configuration c:\Users\menete\AppData\Roaming\Code\User\globalStorage\redhat.java\1.53.0\config_ss_win -data c:\Users\menete\AppData\Roaming\Code\User\workspaceStorage\ce710fde5795f858016391859076388f\redhat.java\ss_ws --pipe=\\.\pipe\lsp-6d2971d7bcb7eede3eafdd5c95b183b5-sock

Host: 11th Gen Intel(R) Core(TM) i7-1185G7 @ 3.00GHz, 8 cores, 15G,  Windows 11 , 64 bit Build 22621 (10.0.22621.5415)
Time: Thu Apr  9 18:48:24 2026 Hora padrão da África do Sul elapsed time: 49.710921 seconds (0d 0h 0m 49s)

---------------  T H R E A D  ---------------

Current thread (0x0000017764006db0):  JavaThread "Start Level: Equinox Container: 9003d90f-b932-4db3-bea0-9333cc39a98e" daemon [_thread_in_vm, id=5888, stack(0x0000005287400000,0x0000005287500000) (1024K)]

Stack: [0x0000005287400000,0x0000005287500000]
Native frames: (J=compiled Java code, j=interpreted, Vv=VM code, C=native code)
V  [jvm.dll+0x6d7a39]
V  [jvm.dll+0x8b4b26]
V  [jvm.dll+0x8b70de]
V  [jvm.dll+0x8b77c3]
V  [jvm.dll+0x284346]
V  [jvm.dll+0x8b086e]
V  [jvm.dll+0x679444]
V  [jvm.dll+0x1e82bb]
V  [jvm.dll+0x1e807e]
V  [jvm.dll+0x67bd42]
V  [jvm.dll+0x67bb72]
V  [jvm.dll+0x679e1e]
V  [jvm.dll+0x26f614]
V  [jvm.dll+0x219f3f]
V  [jvm.dll+0x20f62e]
V  [jvm.dll+0x5b644f]
V  [jvm.dll+0x82ead6]
V  [jvm.dll+0x478db8]
V  [jvm.dll+0x47ebe8]
C  [java.dll+0x17ec]

Java frames: (J=compiled Java code, j=interpreted, Vv=VM code)
J 1115  java.lang.ClassLoader.defineClass1(Ljava/lang/ClassLoader;Ljava/lang/String;[BIILjava/security/ProtectionDomain;Ljava/lang/String;)Ljava/lang/Class; java.base@21.0.10 (0 bytes) @ 0x00000177582cea11 [0x00000177582ce940+0x00000000000000d1]
J 1803 c1 java.lang.ClassLoader.defineClass(Ljava/lang/String;[BIILjava/security/ProtectionDomain;)Ljava/lang/Class; java.base@21.0.10 (43 bytes) @ 0x0000017750abb5fc [0x0000017750abb2a0+0x000000000000035c]
J 2397 c1 org.eclipse.osgi.internal.loader.ModuleClassLoader.defineClass(Ljava/lang/String;[BLorg/eclipse/osgi/internal/loader/classpath/ClasspathEntry;)Lorg/eclipse/osgi/internal/loader/ModuleClassLoader$DefineClassResult; (67 bytes) @ 0x0000017750c12d3c [0x0000017750c12a20+0x000000000000031c]
J 2155 c1 org.eclipse.osgi.internal.loader.classpath.ClasspathManager.defineClass(Ljava/lang/String;[BLorg/eclipse/osgi/internal/loader/classpath/ClasspathEntry;Lorg/eclipse/osgi/storage/bundlefile/BundleEntry;Ljava/util/List;)Ljava/lang/Class; (636 bytes) @ 0x0000017750b8b7e4 [0x0000017750b89d40+0x0000000000001aa4]
J 1973 c1 org.eclipse.osgi.internal.loader.classpath.ClasspathManager.findClassImpl(Ljava/lang/String;Lorg/eclipse/osgi/internal/loader/classpath/ClasspathEntry;Ljava/util/List;)Ljava/lang/Class; (328 bytes) @ 0x0000017750b254ac [0x0000017750b21e40+0x000000000000366c]
J 1972 c1 org.eclipse.osgi.internal.loader.classpath.ClasspathManager.findLocalClassImpl(Ljava/lang/String;[Lorg/eclipse/osgi/internal/loader/classpath/ClasspathEntry;Ljava/util/List;)Ljava/lang/Class; (55 bytes) @ 0x0000017750b21164 [0x0000017750b20fe0+0x0000000000000184]
J 2145 c1 org.eclipse.osgi.internal.loader.classpath.ClasspathManager.findLocalClassImpl(Ljava/lang/String;Ljava/util/List;)Ljava/lang/Class; (132 bytes) @ 0x0000017750b7d214 [0x0000017750b7cce0+0x0000000000000534]
J 1965 c1 org.eclipse.osgi.internal.loader.classpath.ClasspathManager.findLocalClass(Ljava/lang/String;)Ljava/lang/Class; (210 bytes) @ 0x0000017750b17524 [0x0000017750b16860+0x0000000000000cc4]
J 1963 c1 org.eclipse.osgi.internal.loader.BundleLoader.findLocalClass(Ljava/lang/String;)Ljava/lang/Class; (159 bytes) @ 0x0000017750b141d4 [0x0000017750b135e0+0x0000000000000bf4]
J 1876 c1 org.eclipse.osgi.internal.loader.BundleLoader.findClass0(Ljava/lang/String;ZZ)Ljava/lang/Class; (490 bytes) @ 0x0000017750ae9f14 [0x0000017750ae6d60+0x00000000000031b4]
J 1875 c1 org.eclipse.osgi.internal.loader.BundleLoader.findClass(Ljava/lang/String;)Ljava/lang/Class; (8 bytes) @ 0x0000017750ae634c [0x0000017750ae62c0+0x000000000000008c]
J 1922 c1 org.eclipse.osgi.internal.loader.ModuleClassLoader.loadClass(Ljava/lang/String;Z)Ljava/lang/Class; (36 bytes) @ 0x0000017750affacc [0x0000017750aff8a0+0x000000000000022c]
J 1010 c1 java.lang.ClassLoader.loadClass(Ljava/lang/String;)Ljava/lang/Class; java.base@21.0.10 (7 bytes) @ 0x0000017750923bd4 [0x0000017750923ac0+0x0000000000000114]
v  ~StubRoutines::call_stub 0x0000017757cc10e7
j  org.eclipse.jdt.ls.core.internal.preferences.PreferenceManager.<init>()V+5
j  org.eclipse.jdt.ls.core.internal.JavaLanguageServerPlugin.start(Lorg/osgi/framework/BundleContext;)V+50
j  org.eclipse.osgi.internal.framework.BundleContextImpl$2.run()Ljava/lang/Void;+23
j  org.eclipse.osgi.internal.framework.BundleContextImpl$2.run()Ljava/lang/Object;+1
J 1146 c1 java.security.AccessController.executePrivileged(Ljava/security/PrivilegedExceptionAction;Ljava/security/AccessControlContext;Ljava/lang/Class;)Ljava/lang/Object; java.base@21.0.10 (65 bytes) @ 0x0000017750962cc4 [0x0000017750962b60+0x0000000000000164]
j  java.security.AccessController.doPrivileged(Ljava/security/PrivilegedExceptionAction;)Ljava/lang/Object;+9 java.base@21.0.10
j  org.eclipse.osgi.internal.framework.BundleContextImpl.startActivator(Lorg/osgi/framework/BundleActivator;)V+9
j  org.eclipse.osgi.internal.framework.BundleContextImpl.start()V+141
j  org.eclipse.osgi.internal.framework.EquinoxBundle.startWorker0()V+35
j  org.eclipse.osgi.internal.framework.EquinoxBundle$EquinoxModule.startWorker()V+4
j  org.eclipse.osgi.container.Module.doStart([Lorg/eclipse/osgi/container/Module$StartOptions;)Lorg/eclipse/osgi/container/ModuleContainerAdaptor$ModuleEvent;+200
j  org.eclipse.osgi.container.Module.start([Lorg/eclipse/osgi/container/Module$StartOptions;)V+460
j  org.eclipse.osgi.container.ModuleContainer$ContainerStartLevel$2.run()V+83
j  org.eclipse.osgi.internal.framework.EquinoxContainerAdaptor$1$1.execute(Ljava/lang/Runnable;)V+1
j  org.eclipse.osgi.container.ModuleContainer$ContainerStartLevel.incStartLevel(ILjava/util/List;Z)V+193
j  org.eclipse.osgi.container.ModuleContainer$ContainerStartLevel.incStartLevel(ILjava/util/List;Ljava/util/List;Ljava/util/List;Ljava/util/List;)V+19
j  org.eclipse.osgi.container.ModuleContainer$ContainerStartLevel.doContainerStartLevel(Lorg/eclipse/osgi/container/Module;I[Lorg/osgi/framework/FrameworkListener;)V+358
j  org.eclipse.osgi.container.ModuleContainer$ContainerStartLevel.dispatchEvent(Lorg/eclipse/osgi/container/Module;[Lorg/osgi/framework/FrameworkListener;ILjava/lang/Integer;)V+32
j  org.eclipse.osgi.container.ModuleContainer$ContainerStartLevel.dispatchEvent(Ljava/lang/Object;Ljava/lang/Object;ILjava/lang/Object;)V+15
j  org.eclipse.osgi.framework.eventmgr.EventManager.dispatchEvent(Ljava/util/Set;Lorg/eclipse/osgi/framework/eventmgr/EventDispatcher;ILjava/lang/Object;)V+48
j  org.eclipse.osgi.framework.eventmgr.EventManager$EventThread.run()V+26
v  ~StubRoutines::call_stub 0x0000017757cc10e7

Compiled method (n/a) 49779 1115     n 0       java.lang.ClassLoader::defineClass1 (native)
 total in heap  [0x00000177582ce790,0x00000177582cec18] = 1160
 relocation     [0x00000177582ce8f0,0x00000177582ce928] = 56
 main code      [0x00000177582ce940,0x00000177582cec16] = 726
 stub code      [0x00000177582cec16,0x00000177582cec18] = 2

[Constant Pool (empty)]

[MachCode]
[Entry Point]
  # {method} {0x0000017700434f58} 'defineClass1' '(Ljava/lang/ClassLoader;Ljava/lang/String;[BIILjava/security/ProtectionDomain;Ljava/lang/String;)Ljava/lang/Class;' in 'java/lang/ClassLoader'
  # parm0:    rdx:rdx   = 'java/lang/ClassLoader'
  # parm1:    r8:r8     = 'java/lang/String'
  # parm2:    r9:r9     = '[B'
  # parm3:    rdi       = int
  # parm4:    rsi       = int
  # parm5:    rcx:rcx   = 'java/security/ProtectionDomain'
  # parm6:    [sp+0xa0]   = 'java/lang/String'  (sp of caller)
  0x00000177582ce940: 448b 5208 | 49bb 0000 | 0000 7701 | 0000 4d03 | d349 3bc2 | 0f84 0600 

  0x00000177582ce958: ;   {runtime_call ic_miss_stub}
  0x00000177582ce958: 0000 e921 | fda3 ff90 
[Verified Entry Point]
  0x00000177582ce960: 8984 2400 | 80ff ff55 | 488b ec48 | 81ec 9000 | 0000 6690 | 4181 7f20 | 0200 0000 

  0x00000177582ce97c: ;   {runtime_call StubRoutines (final stubs)}
  0x00000177582ce97c: 7405 e87d | eea2 ff48 | 837d 1000 | 488d 4510 | 480f 4445 | 1048 8944 | 2440 4889 | 4c24 7048 
  0x00000177582ce99c: 83f9 0048 | 8d44 2470 | 480f 4444 | 2470 4889 | 4424 3848 | 8974 2430 | 4889 7c24 | 284c 894c 
  0x00000177582ce9bc: 2458 4983 | f900 488d | 4424 5848 | 0f44 4424 | 5848 8944 | 2420 4c89 | 4424 5049 | 83f8 004c 
  0x00000177582ce9dc: 8d4c 2450 | 4c0f 444c | 2450 4889 | 5424 4848 | 83fa 004c | 8d44 2448 | 4c0f 4444 

  0x00000177582ce9f8: ;   {oop(a 'java/lang/Class'{0x0000000080121f88} = 'java/lang/ClassLoader')}
  0x00000177582ce9f8: 2448 49be | 881f 1280 | 0000 0000 | 4c89 7424 | 784c 8d74 | 2478 498b | d6c5 f877 

  0x00000177582cea14: ;   {internal_word}
  0x00000177582cea14: 49ba 11ea | 2c58 7701 | 0000 4d89 | 97a8 0300 | 0049 89a7 | a003 0000 

  0x00000177582cea2c: ;   {external_word}
  0x00000177582cea2c: 49ba c65c | 9503 fd7f | 0000 4180 | 3a00 0f84 | 4e00 0000 | 5241 5041 

  0x00000177582cea44: ;   {metadata({method} {0x0000017700434f58} 'defineClass1' '(Ljava/lang/ClassLoader;Ljava/lang/String;[BIILjava/security/ProtectionDomain;Ljava/lang/String;)Ljava/lang/Class;' in 'java/lang/ClassLoader')}
  0x00000177582cea44: 5148 ba50 | 4f43 0077 | 0100 0049 | 8bcf 4883 | ec20 40f6 | c40f 0f84 | 1900 0000 | 4883 ec08 
  0x00000177582cea64: ;   {runtime_call}
  0x00000177582cea64: 48b8 50e1 | 3e03 fd7f | 0000 ffd0 | 4883 c408 | e90c 0000 

  0x00000177582cea78: ;   {runtime_call}
  0x00000177582cea78: 0048 b850 | e13e 03fd | 7f00 00ff | d048 83c4 | 2041 5941 | 585a 498d | 8fc0 0300 | 0041 c787 
  0x00000177582cea98: 4c04 0000 | 0400 0000 

  0x00000177582ceaa0: ;   {runtime_call}
  0x00000177582ceaa0: 48b8 ac16 | be92 fd7f | 0000 ffd0 | c5f8 7741 | c787 4c04 | 0000 0500 | 0000 f083 | 4424 c000 
  0x00000177582ceac0: 493b af50 | 0400 000f | 870e 0000 | 0041 83bf | 4804 0000 | 000f 842b | 0000 00c5 | f877 4889 
  0x00000177582ceae0: 45f8 498b | cf4c 8be4 | 4883 ec20 | 4883 e4f0 

  0x00000177582ceaf0: ;   {runtime_call}
  0x00000177582ceaf0: 48b8 d052 | 0a03 fd7f | 0000 ffd0 | 498b e44d | 33e4 488b | 45f8 41c7 | 874c 0400 | 0008 0000 
  0x00000177582ceb10: 0041 83bf | c804 0000 | 020f 84ca 

  0x00000177582ceb1c: ;   {external_word}
  0x00000177582ceb1c: 0000 0049 | bac6 5c95 | 03fd 7f00 | 0041 803a | 000f 844c | 0000 0048 

  0x00000177582ceb34: ;   {metadata({method} {0x0000017700434f58} 'defineClass1' '(Ljava/lang/ClassLoader;Ljava/lang/String;[BIILjava/security/ProtectionDomain;Ljava/lang/String;)Ljava/lang/Class;' in 'java/lang/ClassLoader')}
  0x00000177582ceb34: 8945 f848 | ba50 4f43 | 0077 0100 | 0049 8bcf | 4883 ec20 | 40f6 c40f | 0f84 1900 | 0000 4883 
  0x00000177582ceb54: ;   {runtime_call}
  0x00000177582ceb54: ec08 48b8 | 50e1 3e03 | fd7f 0000 | ffd0 4883 | c408 e90c 

  0x00000177582ceb68: ;   {runtime_call}
  0x00000177582ceb68: 0000 0048 | b850 e13e | 03fd 7f00 | 00ff d048 | 83c4 2048 | 8b45 f849 | c787 a003 | 0000 0000 
  0x00000177582ceb88: 0000 49c7 | 87a8 0300 | 0000 0000 | 00c5 f877 | 4885 c00f | 8425 0000 | 00a8 030f | 8508 0000 
  0x00000177582ceba8: 0048 8b00 | e915 0000 | 00a8 010f | 8509 0000 | 0048 8b40 | fee9 0400 | 0000 488b | 40ff 498b 
  0x00000177582cebc8: 8f30 0400 | 00c7 8100 | 0100 0000 | 0000 00c9 | 4983 7f08 | 000f 8501 | 0000 00c3 

  0x00000177582cebe4: ;   {runtime_call StubRoutines (initial stubs)}
  0x00000177582cebe4: e917 239f | ffc5 f877 | 4889 45f8 | 4c8b e448 | 83ec 2048 

  0x00000177582cebf8: ;   {runtime_call}
  0x00000177582cebf8: 83e4 f048 | b8a0 183f | 03fd 7f00 | 00ff d049 | 8be4 4d33 | e448 8b45 | f8e9 09ff | ffff f4f4 
[/MachCode]


Compiled method (c1) 49786 1803       3       java.lang.ClassLoader::defineClass (43 bytes)
 total in heap  [0x0000017750abb090,0x0000017750abb9f0] = 2400
 relocation     [0x0000017750abb1f0,0x0000017750abb290] = 160
 main code      [0x0000017750abb2a0,0x0000017750abb740] = 1184
 stub code      [0x0000017750abb740,0x0000017750abb7b8] = 120
 metadata       [0x0000017750abb7b8,0x0000017750abb7e8] = 48
 scopes data    [0x0000017750abb7e8,0x0000017750abb8d8] = 240
 scopes pcs     [0x0000017750abb8d8,0x0000017750abb9b8] = 224
 dependencies   [0x0000017750abb9b8,0x0000017750abb9c8] = 16
 nul chk table  [0x0000017750abb9c8,0x0000017750abb9f0] = 40

[Constant Pool (empty)]

[MachCode]
[Entry Point]
  # {method} {0x00000177004352d8} 'defineClass' '(Ljava/lang/String;[BIILjava/security/ProtectionDomain;)Ljava/lang/Class;' in 'java/lang/ClassLoader'
  # this:     rdx:rdx   = 'java/lang/ClassLoader'
  # parm0:    r8:r8     = 'java/lang/String'
  # parm1:    r9:r9     = '[B'
  # parm2:    rdi       = int
  # parm3:    rsi       = int
  # parm4:    rcx:rcx   = 'java/security/ProtectionDomain'
  #           [sp+0xc0]  (sp of caller)
  0x0000017750abb2a0: 448b 5208 | 49bb 0000 | 0000 7701 | 0000 4d03 | d34c 3bd0 

  0x0000017750abb2b4: ;   {runtime_call ic_miss_stub}
  0x0000017750abb2b4: 0f85 c633 | 2507 660f | 1f44 0000 
[Verified Entry Point]
  0x0000017750abb2c0: 8984 2400 | 80ff ff55 | 4881 ecb0 | 0000 0090 | 4181 7f20 | 0200 0000 

  0x0000017750abb2d8: ;   {runtime_call StubRoutines (final stubs)}
  0x0000017750abb2d8: 7405 e821 | 2524 0748 | 8954 2478 

  0x0000017750abb2e4: ;   {metadata(method data for {method} {0x00000177004352d8} 'defineClass' '(Ljava/lang/String;[BIILjava/security/ProtectionDomain;)Ljava/lang/Class;' in 'java/lang/ClassLoader')}
  0x0000017750abb2e4: 48bb 28c5 | 3666 7701 | 0000 8b83 | cc00 0000 | 83c0 0289 | 83cc 0000 | 0025 fe07 | 0000 85c0 
  0x0000017750abb304: 0f84 5803 | 0000 89b4 | 2494 0000 | 0089 bc24 | 9000 0000 | 4c89 8c24 | 8800 0000 

  0x0000017750abb320: ;   {metadata(method data for {method} {0x00000177004352d8} 'defineClass' '(Ljava/lang/String;[BIILjava/security/ProtectionDomain;)Ljava/lang/Class;' in 'java/lang/ClassLoader')}
  0x0000017750abb320: 488b da48 | b828 c536 | 6677 0100 | 0048 8380 | 1001 0000 | 0149 8bd8 | 4c8b c34c | 8bc9 488b 
  0x0000017750abb340: ca48 8bd1 | 4889 9c24 | 8000 0000 

  0x0000017750abb34c: ;   {optimized virtual_call}
  0x0000017750abb34c: 6666 90e8 

  0x0000017750abb350: ; ImmutableOopMap {[120]=Oop [128]=Oop [136]=Oop }
                      ;*invokevirtual preDefineClass {reexecute=0 rethrow=0 return_oop=0}
                      ; - java.lang.ClassLoader::defineClass@4
  0x0000017750abb350: cc32 f0ff 

  0x0000017750abb354: ;   {other}
  0x0000017750abb354: 0f1f 8400 | c402 0000 | 4889 8424 | 9800 0000 | 488b 5424 

  0x0000017750abb368: ;   {metadata(method data for {method} {0x00000177004352d8} 'defineClass' '(Ljava/lang/String;[BIILjava/security/ProtectionDomain;)Ljava/lang/Class;' in 'java/lang/ClassLoader')}
  0x0000017750abb368: 7849 b828 | c536 6677 | 0100 0049 | 8380 4801 

  0x0000017750abb378: ;   {metadata(method data for {method} {0x0000017700434fc0} 'defineClassSourceLocation' '(Ljava/security/ProtectionDomain;)Ljava/lang/String;' in 'java/lang/ClassLoader')}
  0x0000017750abb378: 0000 0149 | b840 cc36 | 6677 0100 | 0041 8b90 | cc00 0000 | 83c2 0241 | 8990 cc00 | 0000 81e2 
  0x0000017750abb398: feff 1f00 | 85d2 0f84 | df02 0000 

  0x0000017750abb3a4: ; implicit exception: dispatches to 0x0000017750abb6a4
  0x0000017750abb3a4: 483b 004c 

  0x0000017750abb3a8: ;   {metadata(method data for {method} {0x0000017700434fc0} 'defineClassSourceLocation' '(Ljava/security/ProtectionDomain;)Ljava/lang/String;' in 'java/lang/ClassLoader')}
  0x0000017750abb3a8: 8bc0 48ba | 40cc 3666 | 7701 0000 | 4883 8210 | 0100 0001 | 448b 4010 

  0x0000017750abb3c0: ;   {metadata(method data for {method} {0x0000017700434fc0} 'defineClassSourceLocation' '(Ljava/security/ProtectionDomain;)Ljava/lang/String;' in 'java/lang/ClassLoader')}
  0x0000017750abb3c0: 4d85 c048 | ba40 cc36 | 6677 0100 | 0048 c7c6 | 5801 0000 | 7507 48c7 | c648 0100 | 0048 8b3c 
  0x0000017750abb3e0: 3248 8d7f | 0148 893c | 320f 850f 

  0x0000017750abb3ec: ;   {oop(nullptr)}
  0x0000017750abb3ec: 0000 0048 | bb00 0000 | 0000 0000 | 00e9 a901 | 0000 493b | 0049 8bd0 

  0x0000017750abb404: ;   {metadata(method data for {method} {0x0000017700434fc0} 'defineClassSourceLocation' '(Ljava/security/ProtectionDomain;)Ljava/lang/String;' in 'java/lang/ClassLoader')}
  0x0000017750abb404: 48be 40cc | 3666 7701 | 0000 4883 | 8668 0100 | 0001 418b | 500c 4885 

  0x0000017750abb41c: ;   {metadata(method data for {method} {0x0000017700434fc0} 'defineClassSourceLocation' '(Ljava/security/ProtectionDomain;)Ljava/lang/String;' in 'java/lang/ClassLoader')}
  0x0000017750abb41c: d248 be40 | cc36 6677 | 0100 0048 | c7c7 b001 | 0000 7507 | 48c7 c7a0 | 0100 0048 | 8b1c 3e48 
  0x0000017750abb43c: 8d5b 0148 | 891c 3e0f | 850f 0000 

  0x0000017750abb448: ;   {oop(nullptr)}
  0x0000017750abb448: 0048 bb00 | 0000 0000 | 0000 00e9 | 4f01 0000 

  0x0000017750abb458: ;   {metadata(method data for {method} {0x0000017700434fc0} 'defineClassSourceLocation' '(Ljava/security/ProtectionDomain;)Ljava/lang/String;' in 'java/lang/ClassLoader')}
  0x0000017750abb458: 48be 40cc | 3666 7701 | 0000 4883 | 86c0 0100 | 0001 483b | 024c 8bc2 

  0x0000017750abb470: ;   {metadata(method data for {method} {0x0000017700434fc0} 'defineClassSourceLocation' '(Ljava/security/ProtectionDomain;)Ljava/lang/String;' in 'java/lang/ClassLoader')}
  0x0000017750abb470: 48be 40cc | 3666 7701 | 0000 4883 | 86f8 0100 

  0x0000017750abb480: ;   {metadata(method data for {method} {0x000001770001abf0} 'toString' '()Ljava/lang/String;' in 'java/net/URL')}
  0x0000017750abb480: 0001 49b8 | 10c0 3666 | 7701 0000 | 418b b0cc | 0000 0083 | c602 4189 | b0cc 0000 | 0081 e6fe 
  0x0000017750abb4a0: ff1f 0085 | f60f 8408 | 0200 004c 

  0x0000017750abb4ac: ;   {metadata(method data for {method} {0x000001770001abf0} 'toString' '()Ljava/lang/String;' in 'java/net/URL')}
  0x0000017750abb4ac: 8bc2 48be | 10c0 3666 | 7701 0000 | 4883 8610 | 0100 0001 

  0x0000017750abb4c0: ;   {metadata(method data for {method} {0x0000017700428b60} 'toExternalForm' '()Ljava/lang/String;' in 'java/net/URL')}
  0x0000017750abb4c0: 49b8 9062 | 3666 7701 | 0000 418b | b0cc 0000 | 0083 c602 | 4189 b0cc | 0000 0081 | e6fe ff1f 
  0x0000017750abb4e0: 0085 f60f | 84eb 0100 | 008b 7238 

  0x0000017750abb4ec: ; implicit exception: dispatches to 0x0000017750abb6f5
  0x0000017750abb4ec: 483b 064c 

  0x0000017750abb4f0: ;   {metadata(method data for {method} {0x0000017700428b60} 'toExternalForm' '()Ljava/lang/String;' in 'java/net/URL')}
  0x0000017750abb4f0: 8bc6 48bf | 9062 3666 | 7701 0000 | 458b 4008 | 49ba 0000 | 0000 7701 | 0000 4d03 | c24c 3b87 
  0x0000017750abb510: 2001 0000 | 750d 4883 | 8728 0100 | 0001 e960 | 0000 004c | 3b87 3001 | 0000 750d | 4883 8738 
  0x0000017750abb530: 0100 0001 | e94a 0000 | 0048 83bf | 2001 0000 | 0075 174c | 8987 2001 | 0000 48c7 | 8728 0100 
  0x0000017750abb550: 0001 0000 | 00e9 2900 | 0000 4883 | bf30 0100 | 0000 7517 | 4c89 8730 | 0100 0048 | c787 3801 
  0x0000017750abb570: 0000 0100 | 0000 e908 | 0000 0048 | 8387 1001 | 0000 014c | 8bc2 488b | d60f 1f40 | 0048 b8ff 
  0x0000017750abb590: ffff ffff 

  0x0000017750abb594: ;   {virtual_call}
  0x0000017750abb594: ffff ffe8 

  0x0000017750abb598: ; ImmutableOopMap {[120]=Oop [128]=Oop [136]=Oop [152]=Oop }
                      ;*invokevirtual toExternalForm {reexecute=0 rethrow=0 return_oop=0}
                      ; - java.net.URL::toExternalForm@5
                      ; - java.net.URL::toString@1
                      ; - java.lang.ClassLoader::defineClassSourceLocation@22
                      ; - java.lang.ClassLoader::defineClass@12
  0x0000017750abb598: b417 3107 

  0x0000017750abb59c: ;   {other}
  0x0000017750abb59c: 0f1f 8400 | 0c05 0001 | 488b d848 | 8b84 2498 | 0000 008b | b424 9400 | 0000 8bbc | 2490 0000 
  0x0000017750abb5bc: 004c 8b8c | 2488 0000 | 004c 8b84 | 2480 0000 | 0048 8b54 

  0x0000017750abb5d0: ;   {metadata(method data for {method} {0x00000177004352d8} 'defineClass' '(Ljava/lang/String;[BIILjava/security/ProtectionDomain;)Ljava/lang/Class;' in 'java/lang/ClassLoader')}
  0x0000017750abb5d0: 2478 48b9 | 28c5 3666 | 7701 0000 | 4883 8180 | 0100 0001 | 4c8b da49 | 8bd3 488b | c848 891c 
  0x0000017750abb5f0: 2466 0f1f 

  0x0000017750abb5f4: ;   {static_call}
  0x0000017750abb5f4: 4400 00e8 

  0x0000017750abb5f8: ; ImmutableOopMap {[120]=Oop [152]=Oop }
                      ;*invokestatic defineClass1 {reexecute=0 rethrow=0 return_oop=0}
                      ; - java.lang.ClassLoader::defineClass@27
  0x0000017750abb5f8: 6433 8107 

  0x0000017750abb5fc: ;   {other}
  0x0000017750abb5fc: 0f1f 8400 | 6c05 0002 | 488b 5424 

  0x0000017750abb608: ;   {metadata(method data for {method} {0x00000177004352d8} 'defineClass' '(Ljava/lang/String;[BIILjava/security/ProtectionDomain;)Ljava/lang/Class;' in 'java/lang/ClassLoader')}
  0x0000017750abb608: 7849 b828 | c536 6677 | 0100 0049 | 8380 9001 | 0000 014c | 8bc0 4c8b | 8c24 9800 | 0000 488b 
  0x0000017750abb628: 5424 7848 | 8984 24a0 | 0000 000f 

  0x0000017750abb634: ;   {optimized virtual_call}
  0x0000017750abb634: 1f40 00e8 

  0x0000017750abb638: ; ImmutableOopMap {[160]=Oop }
                      ;*invokevirtual postDefineClass {reexecute=0 rethrow=0 return_oop=0}
                      ; - java.lang.ClassLoader::defineClass@37
  0x0000017750abb638: e447 f9ff 

  0x0000017750abb63c: ;   {other}
  0x0000017750abb63c: 0f1f 8400 | ac05 0003 | 488b 8424 | a000 0000 | 4881 c4b0 | 0000 005d 

  0x0000017750abb654: ;   {poll_return}
  0x0000017750abb654: 493b a750 | 0400 000f | 8799 0000 

  0x0000017750abb660: ;   {metadata({method} {0x00000177004352d8} 'defineClass' '(Ljava/lang/String;[BIILjava/security/ProtectionDomain;)Ljava/lang/Class;' in 'java/lang/ClassLoader')}
  0x0000017750abb660: 00c3 49ba | d052 4300 | 7701 0000 | 4c89 5424 | 0848 c704 | 24ff ffff 

  0x0000017750abb678: ;   {runtime_call counter_overflow Runtime1 stub}
  0x0000017750abb678: ffe8 02ce 

  0x0000017750abb67c: ; ImmutableOopMap {rdx=Oop r8=Oop r9=Oop rcx=Oop [120]=Oop }
                      ;*synchronization entry
                      ; - java.lang.ClassLoader::defineClass@-1
  0x0000017750abb67c: 3007 e987 

  0x0000017750abb680: ;   {metadata({method} {0x0000017700434fc0} 'defineClassSourceLocation' '(Ljava/security/ProtectionDomain;)Ljava/lang/String;' in 'java/lang/ClassLoader')}
  0x0000017750abb680: fcff ff49 | bab8 4f43 | 0077 0100 | 004c 8954 | 2408 48c7 | 0424 ffff 

  0x0000017750abb698: ;   {runtime_call counter_overflow Runtime1 stub}
  0x0000017750abb698: ffff e8e1 

  0x0000017750abb69c: ; ImmutableOopMap {rax=Oop [120]=Oop [128]=Oop [136]=Oop [152]=Oop }
                      ;*synchronization entry
                      ; - java.lang.ClassLoader::defineClassSourceLocation@-1
                      ; - java.lang.ClassLoader::defineClass@12
  0x0000017750abb69c: cd30 07e9 | 00fd ffff 

  0x0000017750abb6a4: ;   {runtime_call throw_null_pointer_exception Runtime1 stub}
  0x0000017750abb6a4: e877 7d27 

  0x0000017750abb6a8: ; ImmutableOopMap {rax=Oop [120]=Oop [128]=Oop [136]=Oop [152]=Oop }
                      ;*invokevirtual getCodeSource {reexecute=0 rethrow=0 return_oop=0}
                      ; - java.lang.ClassLoader::defineClassSourceLocation@1
                      ; - java.lang.ClassLoader::defineClass@12
                      ;   {runtime_call throw_null_pointer_exception Runtime1 stub}
  0x0000017750abb6a8: 07e8 727d 

  0x0000017750abb6ac: ; ImmutableOopMap {rax=Oop r8=Oop [120]=Oop [128]=Oop [136]=Oop [152]=Oop }
                      ;*invokevirtual getLocation {reexecute=0 rethrow=0 return_oop=0}
                      ; - java.lang.ClassLoader::defineClassSourceLocation@12
                      ; - java.lang.ClassLoader::defineClass@12
                      ;   {runtime_call throw_null_pointer_exception Runtime1 stub}
  0x0000017750abb6ac: 2707 e86d 

  0x0000017750abb6b0: ; ImmutableOopMap {rdx=Oop [120]=Oop [128]=Oop [136]=Oop [152]=Oop }
                      ;*invokevirtual toString {reexecute=0 rethrow=0 return_oop=0}
                      ; - java.lang.ClassLoader::defineClassSourceLocation@22
                      ; - java.lang.ClassLoader::defineClass@12
                      ;   {metadata({method} {0x000001770001abf0} 'toString' '()Ljava/lang/String;' in 'java/net/URL')}
  0x0000017750abb6b0: 7d27 0749 | bae8 ab01 | 0077 0100 | 004c 8954 | 2408 48c7 | 0424 ffff 

  0x0000017750abb6c8: ;   {runtime_call counter_overflow Runtime1 stub}
  0x0000017750abb6c8: ffff e8b1 

  0x0000017750abb6cc: ; ImmutableOopMap {rdx=Oop [120]=Oop [128]=Oop [136]=Oop [152]=Oop }
                      ;*synchronization entry
                      ; - java.net.URL::toString@-1
                      ; - java.lang.ClassLoader::defineClassSourceLocation@22
                      ; - java.lang.ClassLoader::defineClass@12
  0x0000017750abb6cc: cd30 07e9 | d7fd ffff 

  0x0000017750abb6d4: ;   {metadata({method} {0x0000017700428b60} 'toExternalForm' '()Ljava/lang/String;' in 'java/net/URL')}
  0x0000017750abb6d4: 49ba 588b | 4200 7701 | 0000 4c89 | 5424 0848 | c704 24ff 

  0x0000017750abb6e8: ;   {runtime_call counter_overflow Runtime1 stub}
  0x0000017750abb6e8: ffff ffe8 

  0x0000017750abb6ec: ; ImmutableOopMap {rdx=Oop [120]=Oop [128]=Oop [136]=Oop [152]=Oop }
                      ;*synchronization entry
                      ; - java.net.URL::toExternalForm@-1
                      ; - java.net.URL::toString@1
                      ; - java.lang.ClassLoader::defineClassSourceLocation@22
                      ; - java.lang.ClassLoader::defineClass@12
  0x0000017750abb6ec: 90cd 3007 | e9f4 fdff 

  0x0000017750abb6f4: ;   {runtime_call throw_null_pointer_exception Runtime1 stub}
  0x0000017750abb6f4: ffe8 267d 

  0x0000017750abb6f8: ; ImmutableOopMap {rdx=Oop rsi=Oop [120]=Oop [128]=Oop [136]=Oop [152]=Oop }
                      ;*invokevirtual toExternalForm {reexecute=0 rethrow=0 return_oop=0}
                      ; - java.net.URL::toExternalForm@5
                      ; - java.net.URL::toString@1
                      ; - java.lang.ClassLoader::defineClassSourceLocation@22
                      ; - java.lang.ClassLoader::defineClass@12
                      ;   {internal_word}
  0x0000017750abb6f8: 2707 49ba | 54b6 ab50 | 7701 0000 | 4d89 9768 

  0x0000017750abb708: ;   {runtime_call SafepointBlob}
  0x0000017750abb708: 0400 00e9 | 70a4 2507 | 498b 8700 | 0500 0049 | c787 0005 | 0000 0000 | 0000 49c7 | 8708 0500 
  0x0000017750abb728: 0000 0000 | 0048 81c4 | b000 0000 

  0x0000017750abb734: ;   {runtime_call unwind_exception Runtime1 stub}
  0x0000017750abb734: 5de9 c68b | 2707 f4f4 | f4f4 f4f4 
[Stub Code]
  0x0000017750abb740: ;   {no_reloc}
  0x0000017750abb740: 0f1f 4400 

  0x0000017750abb744: ;   {static_stub}
  0x0000017750abb744: 0048 bb00 | 0000 0000 

  0x0000017750abb74c: ;   {runtime_call nmethod}
  0x0000017750abb74c: 0000 00e9 | fbff ffff 

  0x0000017750abb754: ;   {static_stub}
  0x0000017750abb754: 48bb 0000 | 0000 0000 

  0x0000017750abb75c: ;   {runtime_call nmethod}
  0x0000017750abb75c: 0000 e9fb 

  0x0000017750abb760: ;   {static_stub}
  0x0000017750abb760: ffff ff48 | bb00 0000 | 0000 0000 

  0x0000017750abb76c: ;   {runtime_call nmethod}
  0x0000017750abb76c: 00e9 fbff 

  0x0000017750abb770: ;   {static_stub}
  0x0000017750abb770: ffff 48bb | 0000 0000 | 0000 0000 

  0x0000017750abb77c: ;   {runtime_call nmethod}
  0x0000017750abb77c: e9fb ffff 

  0x0000017750abb780: ;   {runtime_call handle_exception_from_callee Runtime1 stub}
  0x0000017750abb780: ffe8 7a90 

  0x0000017750abb784: ;   {external_word}
  0x0000017750abb784: 3007 48b9 | 4053 6b03 | fd7f 0000 | 4883 e4f0 

  0x0000017750abb794: ;   {runtime_call}
  0x0000017750abb794: 48b8 b0c3 | 2d03 fd7f | 0000 ffd0 

  0x0000017750abb7a0: ;   {section_word}
  0x0000017750abb7a0: f449 baa1 | b7ab 5077 | 0100 0041 

  0x0000017750abb7ac: ;   {runtime_call DeoptimizationBlob}
  0x0000017750abb7ac: 52e9 6eb8 | 2507 f4f4 | f4f4 f4f4 
[/MachCode]


Compiled method (c1) 49802 2397   !   3       org.eclipse.osgi.internal.loader.ModuleClassLoader::defineClass (67 bytes)
 total in heap  [0x0000017750c12810,0x0000017750c133f0] = 3040
 relocation     [0x0000017750c12970,0x0000017750c12a18] = 168
 main code      [0x0000017750c12a20,0x0000017750c13020] = 1536
 stub code      [0x0000017750c13020,0x0000017750c13090] = 112
 oops           [0x0000017750c13090,0x0000017750c13098] = 8
 metadata       [0x0000017750c13098,0x0000017750c130d8] = 64
 scopes data    [0x0000017750c130d8,0x0000017750c13228] = 336
 scopes pcs     [0x0000017750c13228,0x0000017750c13338] = 272
 dependencies   [0x0000017750c13338,0x0000017750c13350] = 24
 handler table  [0x0000017750c13350,0x0000017750c133c8] = 120
 nul chk table  [0x0000017750c133c8,0x0000017750c133f0] = 40

[Constant Pool (empty)]

[MachCode]
[Entry Point]
  # {method} {0x00000177665dfe98} 'defineClass' '(Ljava/lang/String;[BLorg/eclipse/osgi/internal/loader/classpath/ClasspathEntry;)Lorg/eclipse/osgi/internal/loader/ModuleClassLoader$DefineClassResult;' in 'org/eclipse/osgi/internal/loader/ModuleClassLoader'
  # this:     rdx:rdx   = 'org/eclipse/osgi/internal/loader/ModuleClassLoader'
  # parm0:    r8:r8     = 'java/lang/String'
  # parm1:    r9:r9     = '[B'
  # parm2:    rdi:rdi   = 'org/eclipse/osgi/internal/loader/classpath/ClasspathEntry'
  #           [sp+0xb0]  (sp of caller)
  0x0000017750c12a20: 448b 5208 | 49bb 0000 | 0000 7701 | 0000 4d03 | d34c 3bd0 

  0x0000017750c12a34: ;   {runtime_call ic_miss_stub}
  0x0000017750c12a34: 0f85 46bc | 0f07 660f | 1f44 0000 
[Verified Entry Point]
  0x0000017750c12a40: 8984 2400 | 80ff ff55 | 4881 eca0 | 0000 0090 | 4181 7f20 | 0200 0000 

  0x0000017750c12a58: ;   {runtime_call StubRoutines (final stubs)}
  0x0000017750c12a58: 7405 e8a1 

  0x0000017750c12a5c: ;   {metadata(method data for {method} {0x00000177665dfe98} 'defineClass' '(Ljava/lang/String;[BLorg/eclipse/osgi/internal/loader/classpath/ClasspathEntry;)Lorg/eclipse/osgi/internal/loader/ModuleClassLoader$DefineClassResult;' in 'org/eclipse/osgi/internal/loader/ModuleClassLoader')}
  0x0000017750c12a5c: ad0e 0748 | be88 9cab | 6677 0100 | 008b 9ecc | 0000 0083 | c302 899e | cc00 0000 | 81e3 fe07 
  0x0000017750c12a7c: 0000 85db | 0f84 5304 | 0000 4889 | 7c24 704c | 894c 2468 

  0x0000017750c12a90: ;   {metadata(method data for {method} {0x00000177665dfe98} 'defineClass' '(Ljava/lang/String;[BLorg/eclipse/osgi/internal/loader/classpath/ClasspathEntry;)Lorg/eclipse/osgi/internal/loader/ModuleClassLoader$DefineClassResult;' in 'org/eclipse/osgi/internal/loader/ModuleClassLoader')}
  0x0000017750c12a90: 488b f248 | bb88 9cab | 6677 0100 | 008b 7608 | 49ba 0000 | 0000 7701 | 0000 4903 | f248 3bb3 
  0x0000017750c12ab0: 2001 0000 | 750d 4883 | 8328 0100 | 0001 e960 | 0000 0048 | 3bb3 3001 | 0000 750d | 4883 8338 
  0x0000017750c12ad0: 0100 0001 | e94a 0000 | 0048 83bb | 2001 0000 | 0075 1748 | 89b3 2001 | 0000 48c7 | 8328 0100 
  0x0000017750c12af0: 0001 0000 | 00e9 2900 | 0000 4883 | bb30 0100 | 0000 7517 | 4889 b330 | 0100 0048 | c783 3801 
  0x0000017750c12b10: 0000 0100 | 0000 e908 | 0000 0048 | 8383 1001 

  0x0000017750c12b20: ;   {metadata(method data for {method} {0x0000017766624b48} 'getClassLoadingLock' '(Ljava/lang/String;)Ljava/lang/Object;' in 'org/eclipse/osgi/internal/loader/ModuleClassLoader')}
  0x0000017750c12b20: 0000 0148 | bee8 8e91 | 6677 0100 | 008b 9ecc | 0000 0083 | c302 899e | cc00 0000 | 81e3 feff 
  0x0000017750c12b40: 1f00 85db | 0f84 b003 | 0000 8b72 | 5048 3b06 

  0x0000017750c12b50: ;   {metadata(method data for {method} {0x0000017766624b48} 'getClassLoadingLock' '(Ljava/lang/String;)Ljava/lang/Object;' in 'org/eclipse/osgi/internal/loader/ModuleClassLoader')}
  0x0000017750c12b50: 488b de48 | b8e8 8e91 | 6677 0100 | 0048 8380 | 1001 0000 | 0149 8bd8 | 4c8b c348 | 8954 2458 
  0x0000017750c12b70: 488b d648 | 895c 2460 | 0f1f 8000 

  0x0000017750c12b7c: ;   {optimized virtual_call}
  0x0000017750c12b7c: 0000 00e8 

  0x0000017750c12b80: ; ImmutableOopMap {[88]=Oop [96]=Oop [104]=Oop [112]=Oop }
                      ;*invokevirtual getLock {reexecute=0 rethrow=0 return_oop=0}
                      ; - org.eclipse.osgi.internal.loader.ModuleClassLoader::getClassLoadingLock@5 (line 437)
                      ; - org.eclipse.osgi.internal.loader.ModuleClassLoader::defineClass@8 (line 312)
  0x0000017750c12b80: 7cb5 eeff 

  0x0000017750c12b84: ;   {other}
  0x0000017750c12b84: 0f1f 8400 | 7403 0000 | 4889 4424 | 7848 8d94 | 2480 0000 | 0048 8bf0 | 4889 7208 

  0x0000017750c12ba0: ; implicit exception: dispatches to 0x0000017750c12f20
  0x0000017750c12ba0: 488b 0648 | 83c8 0148 | 8902 f048 | 0fb1 160f | 8412 0000 | 0048 2bc4 | 4825 07f0 | ffff 4889 
  0x0000017750c12bc0: 020f 855e | 0300 0049 | ff87 5005 | 0000 488b 

  0x0000017750c12bd0: ;   {metadata(method data for {method} {0x00000177665dfe98} 'defineClass' '(Ljava/lang/String;[BLorg/eclipse/osgi/internal/loader/classpath/ClasspathEntry;)Lorg/eclipse/osgi/internal/loader/ModuleClassLoader$DefineClassResult;' in 'org/eclipse/osgi/internal/loader/ModuleClassLoader')}
  0x0000017750c12bd0: 5424 5848 | be88 9cab | 6677 0100 | 0048 8386 | 4801 0000 

  0x0000017750c12be4: ;   {metadata(method data for {method} {0x00000177004353e0} 'findLoadedClass' '(Ljava/lang/String;)Ljava/lang/Class;' in 'java/lang/ClassLoader')}
  0x0000017750c12be4: 0148 baa0 | ed23 6677 | 0100 008b | b2cc 0000 | 0083 c602 | 89b2 cc00 | 0000 81e6 | feff 1f00 
  0x0000017750c12c04: 85f6 0f84 | 2c03 0000 

  0x0000017750c12c0c: ;   {metadata(method data for {method} {0x00000177004353e0} 'findLoadedClass' '(Ljava/lang/String;)Ljava/lang/Class;' in 'java/lang/ClassLoader')}
  0x0000017750c12c0c: 48ba a0ed | 2366 7701 | 0000 4883 | 8210 0100 | 0001 488b | 5424 600f 

  0x0000017750c12c24: ;   {static_call}
  0x0000017750c12c24: 1f40 00e8 

  0x0000017750c12c28: ; ImmutableOopMap {[88]=Oop [96]=Oop [104]=Oop [112]=Oop [120]=Oop [136]=Oop }
                      ;*invokestatic checkName {reexecute=0 rethrow=0 return_oop=0}
                      ; - java.lang.ClassLoader::findLoadedClass@1
                      ; - org.eclipse.osgi.internal.loader.ModuleClassLoader::defineClass@17 (line 313)
  0x0000017750c12c28: 14bd 7207 

  0x0000017750c12c2c: ;   {other}
  0x0000017750c12c2c: 0f1f 8400 | 1c04 0001 

  0x0000017750c12c34: ;   {metadata(method data for {method} {0x00000177004353e0} 'findLoadedClass' '(Ljava/lang/String;)Ljava/lang/Class;' in 'java/lang/ClassLoader')}
  0x0000017750c12c34: 85c0 49b8 | a0ed 2366 | 7701 0000 | 48c7 c220 | 0100 0075 | 0748 c7c2 | 3001 0000 | 498b 3410 
  0x0000017750c12c54: 488d 7601 | 4989 3410 | 0f85 0f00 

  0x0000017750c12c60: ;   {oop(nullptr)}
  0x0000017750c12c60: 0000 48be | 0000 0000 | 0000 0000 | e936 0000 | 0048 8b54 

  0x0000017750c12c74: ;   {metadata(method data for {method} {0x00000177004353e0} 'findLoadedClass' '(Ljava/lang/String;)Ljava/lang/Class;' in 'java/lang/ClassLoader')}
  0x0000017750c12c74: 2458 49b8 | a0ed 2366 | 7701 0000 | 4983 8040 | 0100 0001 | 4c8b 4424 | 6048 8b54 | 2458 0f1f 
  0x0000017750c12c94: ;   {optimized virtual_call}
  0x0000017750c12c94: 4400 00e8 

  0x0000017750c12c98: ; ImmutableOopMap {[88]=Oop [96]=Oop [104]=Oop [112]=Oop [120]=Oop [136]=Oop }
                      ;*invokevirtual findLoadedClass0 {reexecute=0 rethrow=0 return_oop=0}
                      ; - java.lang.ClassLoader::findLoadedClass@11
                      ; - org.eclipse.osgi.internal.loader.ModuleClassLoader::defineClass@17 (line 313)
  0x0000017750c12c98: 240b 6707 

  0x0000017750c12c9c: ;   {other}
  0x0000017750c12c9c: 0f1f 8400 | 8c04 0002 | 488b f048 

  0x0000017750c12ca8: ;   {metadata(method data for {method} {0x00000177665dfe98} 'defineClass' '(Ljava/lang/String;[BLorg/eclipse/osgi/internal/loader/classpath/ClasspathEntry;)Lorg/eclipse/osgi/internal/loader/ModuleClassLoader$DefineClassResult;' in 'org/eclipse/osgi/internal/loader/ModuleClassLoader')}
  0x0000017750c12ca8: 85f6 49b8 | 889c ab66 | 7701 0000 | 49c7 c190 | 0100 0074 | 0749 c7c1 | 8001 0000 | 4b8b 3c08 
  0x0000017750c12cc8: 488d 7f01 | 4b89 3c08 | 0f84 0e00 | 0000 488b | de41 b800 | 0000 00e9 | 6900 0000 | 488b 7c24 
  0x0000017750c12ce8: 704c 8b4c | 2468 4c8b | 4424 6048 | 8b54 2458 

  0x0000017750c12cf8: ; implicit exception: dispatches to 0x0000017750c12f59
  0x0000017750c12cf8: 418b 710c 

  0x0000017750c12cfc: ; implicit exception: dispatches to 0x0000017750c12f5e
  0x0000017750c12cfc: 483b 0748 

  0x0000017750c12d00: ;   {metadata(method data for {method} {0x00000177665dfe98} 'defineClass' '(Ljava/lang/String;[BLorg/eclipse/osgi/internal/loader/classpath/ClasspathEntry;)Lorg/eclipse/osgi/internal/loader/ModuleClassLoader$DefineClassResult;' in 'org/eclipse/osgi/internal/loader/ModuleClassLoader')}
  0x0000017750c12d00: 8bcf 48bb | 889c ab66 | 7701 0000 | 4883 83b8 | 0100 0001 | 8b4f 1048 

  0x0000017750c12d18: ;   {metadata(method data for {method} {0x00000177665dfe98} 'defineClass' '(Ljava/lang/String;[BLorg/eclipse/osgi/internal/loader/classpath/ClasspathEntry;)Lorg/eclipse/osgi/internal/loader/ModuleClassLoader$DefineClassResult;' in 'org/eclipse/osgi/internal/loader/ModuleClassLoader')}
  0x0000017750c12d18: 8bfa 48bb | 889c ab66 | 7701 0000 | 4883 83d8 | 0100 0001 | bf00 0000 | 0066 0f1f 

  0x0000017750c12d34: ;   {optimized virtual_call}
  0x0000017750c12d34: 4400 00e8 

  0x0000017750c12d38: ; ImmutableOopMap {[120]=Oop [136]=Oop }
                      ;*invokevirtual defineClass {reexecute=0 rethrow=0 return_oop=0}
                      ; - org.eclipse.osgi.internal.loader.ModuleClassLoader::defineClass@37 (line 315)
  0x0000017750c12d38: 8485 eaff 

  0x0000017750c12d3c: ;   {other}
  0x0000017750c12d3c: 0f1f 8400 | 2c05 0003 | 488b d841 | b801 0000 | 0048 8d84 | 2480 0000 | 0048 8b10 | 4885 d20f 
  0x0000017750c12d5c: 840f 0000 | 0048 8b70 | 08f0 480f | b116 0f85 | f301 0000 | 49ff 8f50 

  0x0000017750c12d74: ;   {metadata(method data for {method} {0x00000177665dfe98} 'defineClass' '(Ljava/lang/String;[BLorg/eclipse/osgi/internal/loader/classpath/ClasspathEntry;)Lorg/eclipse/osgi/internal/loader/ModuleClassLoader$DefineClassResult;' in 'org/eclipse/osgi/internal/loader/ModuleClassLoader')}
  0x0000017750c12d74: 0500 0048 | ba88 9cab | 6677 0100 | 00ff 8210 

  0x0000017750c12d84: ;   {metadata('org/eclipse/osgi/internal/loader/ModuleClassLoader$DefineClassResult')}
  0x0000017750c12d84: 0200 0048 | ba18 a211 | 0177 0100 | 0049 8b87 | b801 0000 | 488d 7818 | 493b bfc8 | 0100 000f 
  0x0000017750c12da4: 87d0 0100 | 0049 89bf | b801 0000 | 48c7 0001 | 0000 0048 | 8bca 49ba | 0000 0000 | 7701 0000 
  0x0000017750c12dc4: 492b ca89 | 4808 4833 | c989 480c | 4833 c948 | 8948 1048 

  0x0000017750c12dd8: ;   {metadata(method data for {method} {0x00000177665dfe98} 'defineClass' '(Ljava/lang/String;[BLorg/eclipse/osgi/internal/loader/classpath/ClasspathEntry;)Lorg/eclipse/osgi/internal/loader/ModuleClassLoader$DefineClassResult;' in 'org/eclipse/osgi/internal/loader/ModuleClassLoader')}
  0x0000017750c12dd8: 8bf0 48bf | 889c ab66 | 7701 0000 | 4883 8728 | 0200 0001 

  0x0000017750c12dec: ;   {metadata(method data for {method} {0x000001776673d440} '<init>' '(Ljava/lang/Class;Z)V' in 'org/eclipse/osgi/internal/loader/ModuleClassLoader$DefineClassResult')}
  0x0000017750c12dec: 48be 8031 | a166 7701 | 0000 8bbe | cc00 0000 | 83c7 0289 | becc 0000 | 0081 e7fe | ff1f 0085 
  0x0000017750c12e0c: ff0f 8473 | 0100 0048 

  0x0000017750c12e14: ;   {metadata(method data for {method} {0x000001776673d440} '<init>' '(Ljava/lang/Class;Z)V' in 'org/eclipse/osgi/internal/loader/ModuleClassLoader$DefineClassResult')}
  0x0000017750c12e14: 8bf0 48bf | 8031 a166 | 7701 0000 | 4883 8710 | 0100 0001 

  0x0000017750c12e28: ;   {metadata(method data for {method} {0x0000017700474dc0} '<init>' '()V' in 'java/lang/Object')}
  0x0000017750c12e28: 48be 9067 | 0066 7701 | 0000 8bbe | cc00 0000 | 83c7 0289 | becc 0000 | 0081 e7fe | ff1f 0085 
  0x0000017750c12e48: ff0f 8458 | 0100 004c | 8bd3 4489 | 5010 488d | 3048 c1ee | 0948 bf00 | 00b5 4c77 | 0100 00c6 
  0x0000017750c12e68: 043e 0041 | 83e0 0144 | 8840 0c48 | 81c4 a000 

  0x0000017750c12e78: ;   {poll_return}
  0x0000017750c12e78: 0000 5d49 | 3ba7 5004 | 0000 0f87 | 4001 0000 | c349 8b87 | 0005 0000 | 4d33 d24d | 8997 0005 
  0x0000017750c12e98: 0000 4d33 | d24d 8997 | 0805 0000 | 488b f048 | 8d84 2480 | 0000 0048 | 8b38 4885 | ff0f 840f 
  0x0000017750c12eb8: 0000 0048 | 8b58 08f0 | 480f b13b | 0f85 1401 | 0000 49ff | 8f50 0500 | 0048 8bc6 | e938 0100 
  0x0000017750c12ed8: ;   {metadata({method} {0x00000177665dfe98} 'defineClass' '(Ljava/lang/String;[BLorg/eclipse/osgi/internal/loader/classpath/ClasspathEntry;)Lorg/eclipse/osgi/internal/loader/ModuleClassLoader$DefineClassResult;' in 'org/eclipse/osgi/internal/loader/ModuleClassLoader')}
  0x0000017750c12ed8: 0049 ba90 | fe5d 6677 | 0100 004c | 8954 2408 | 48c7 0424 | ffff ffff 

  0x0000017750c12ef0: ;   {runtime_call counter_overflow Runtime1 stub}
  0x0000017750c12ef0: e88b 551b 

  0x0000017750c12ef4: ; ImmutableOopMap {rdx=Oop r8=Oop r9=Oop rdi=Oop }
                      ;*synchronization entry
                      ; - org.eclipse.osgi.internal.loader.ModuleClassLoader::defineClass@-1 (line 310)
  0x0000017750c12ef4: 07e9 8cfb 

  0x0000017750c12ef8: ;   {metadata({method} {0x0000017766624b48} 'getClassLoadingLock' '(Ljava/lang/String;)Ljava/lang/Object;' in 'org/eclipse/osgi/internal/loader/ModuleClassLoader')}
  0x0000017750c12ef8: ffff 49ba | 404b 6266 | 7701 0000 | 4c89 5424 | 0848 c704 | 24ff ffff 

  0x0000017750c12f10: ;   {runtime_call counter_overflow Runtime1 stub}
  0x0000017750c12f10: ffe8 6a55 

  0x0000017750c12f14: ; ImmutableOopMap {rdx=Oop r8=Oop [104]=Oop [112]=Oop }
                      ;*synchronization entry
                      ; - org.eclipse.osgi.internal.loader.ModuleClassLoader::getClassLoadingLock@-1 (line 437)
                      ; - org.eclipse.osgi.internal.loader.ModuleClassLoader::defineClass@8 (line 312)
  0x0000017750c12f14: 1b07 e92f 

  0x0000017750c12f18: ;   {runtime_call throw_null_pointer_exception Runtime1 stub}
  0x0000017750c12f18: fcff ffe8 

  0x0000017750c12f1c: ; ImmutableOopMap {rdx=Oop r8=Oop rsi=Oop [104]=Oop [112]=Oop }
                      ;*invokevirtual getLock {reexecute=0 rethrow=0 return_oop=0}
                      ; - org.eclipse.osgi.internal.loader.ModuleClassLoader::getClassLoadingLock@5 (line 437)
                      ; - org.eclipse.osgi.internal.loader.ModuleClassLoader::defineClass@8 (line 312)
  0x0000017750c12f1c: 0005 1207 

  0x0000017750c12f20: ;   {runtime_call throw_null_pointer_exception Runtime1 stub}
  0x0000017750c12f20: e8fb 0412 

  0x0000017750c12f24: ; ImmutableOopMap {rsi=Oop [88]=Oop [96]=Oop [104]=Oop [112]=Oop [120]=Oop }
                      ;*monitorenter {reexecute=0 rethrow=0 return_oop=0}
                      ; - org.eclipse.osgi.internal.loader.ModuleClassLoader::defineClass@14 (line 312)
  0x0000017750c12f24: 0748 8974 | 2408 4889 

  0x0000017750c12f2c: ;   {runtime_call monitorenter_nofpu Runtime1 stub}
  0x0000017750c12f2c: 1424 e84d 

  0x0000017750c12f30: ; ImmutableOopMap {rsi=Oop [88]=Oop [96]=Oop [104]=Oop [112]=Oop [120]=Oop [136]=Oop }
                      ;*monitorenter {reexecute=0 rethrow=0 return_oop=0}
                      ; - org.eclipse.osgi.internal.loader.ModuleClassLoader::defineClass@14 (line 312)
  0x0000017750c12f30: 2b1b 07e9 | 96fc ffff 

  0x0000017750c12f38: ;   {metadata({method} {0x00000177004353e0} 'findLoadedClass' '(Ljava/lang/String;)Ljava/lang/Class;' in 'java/lang/ClassLoader')}
  0x0000017750c12f38: 49ba d853 | 4300 7701 | 0000 4c89 | 5424 0848 | c704 24ff 

  0x0000017750c12f4c: ;   {runtime_call counter_overflow Runtime1 stub}
  0x0000017750c12f4c: ffff ffe8 

  0x0000017750c12f50: ; ImmutableOopMap {[88]=Oop [96]=Oop [104]=Oop [112]=Oop [120]=Oop [136]=Oop }
                      ;*synchronization entry
                      ; - java.lang.ClassLoader::findLoadedClass@-1
                      ; - org.eclipse.osgi.internal.loader.ModuleClassLoader::defineClass@17 (line 313)
  0x0000017750c12f50: 2c55 1b07 | e9b3 fcff 

  0x0000017750c12f58: ;   {runtime_call throw_null_pointer_exception Runtime1 stub}
  0x0000017750c12f58: ffe8 c204 

  0x0000017750c12f5c: ; ImmutableOopMap {rdx=Oop r8=Oop r9=Oop rdi=Oop [120]=Oop [136]=Oop }
                      ;*arraylength {reexecute=0 rethrow=0 return_oop=0}
                      ; - org.eclipse.osgi.internal.loader.ModuleClassLoader::defineClass@32 (line 315)
                      ;   {runtime_call throw_null_pointer_exception Runtime1 stub}
  0x0000017750c12f5c: 1207 e8bd 

  0x0000017750c12f60: ; ImmutableOopMap {rdx=Oop r8=Oop r9=Oop rdi=Oop [120]=Oop [136]=Oop }
                      ;*invokevirtual getDomain {reexecute=0 rethrow=0 return_oop=0}
                      ; - org.eclipse.osgi.internal.loader.ModuleClassLoader::defineClass@34 (line 315)
  0x0000017750c12f60: 0412 0748 | 8d84 2480 | 0000 0048 

  0x0000017750c12f6c: ;   {runtime_call monitorexit_nofpu Runtime1 stub}
  0x0000017750c12f6c: 8904 24e8 | 8c31 1b07 | e9fe fdff | ff48 8bd2 

  0x0000017750c12f7c: ;   {runtime_call fast_new_instance Runtime1 stub}
  0x0000017750c12f7c: e87f f811 

  0x0000017750c12f80: ; ImmutableOopMap {rbx=Oop }
                      ;*new {reexecute=0 rethrow=0 return_oop=0}
                      ; - org.eclipse.osgi.internal.loader.ModuleClassLoader::defineClass@55 (line 319)
  0x0000017750c12f80: 07e9 51fe 

  0x0000017750c12f84: ;   {metadata({method} {0x000001776673d440} '<init>' '(Ljava/lang/Class;Z)V' in 'org/eclipse/osgi/internal/loader/ModuleClassLoader$DefineClassResult')}
  0x0000017750c12f84: ffff 49ba | 38d4 7366 | 7701 0000 | 4c89 5424 | 0848 c704 | 24ff ffff 

  0x0000017750c12f9c: ;   {runtime_call counter_overflow Runtime1 stub}
  0x0000017750c12f9c: ffe8 de54 

  0x0000017750c12fa0: ; ImmutableOopMap {rbx=Oop rax=Oop }
                      ;*synchronization entry
                      ; - org.eclipse.osgi.internal.loader.ModuleClassLoader$DefineClassResult::<init>@-1 (line 96)
                      ; - org.eclipse.osgi.internal.loader.ModuleClassLoader::defineClass@63 (line 319)
  0x0000017750c12fa0: 1b07 e96c 

  0x0000017750c12fa4: ;   {metadata({method} {0x0000017700474dc0} '<init>' '()V' in 'java/lang/Object')}
  0x0000017750c12fa4: feff ff49 | bab8 4d47 | 0077 0100 | 004c 8954 | 2408 48c7 | 0424 ffff 

  0x0000017750c12fbc: ;   {runtime_call counter_overflow Runtime1 stub}
  0x0000017750c12fbc: ffff e8bd 

  0x0000017750c12fc0: ; ImmutableOopMap {rbx=Oop rax=Oop }
                      ;*synchronization entry
                      ; - java.lang.Object::<init>@-1
                      ; - org.eclipse.osgi.internal.loader.ModuleClassLoader$DefineClassResult::<init>@1 (line 96)
                      ; - org.eclipse.osgi.internal.loader.ModuleClassLoader::defineClass@63 (line 319)
  0x0000017750c12fc0: 541b 07e9 | 87fe ffff 

  0x0000017750c12fc8: ;   {internal_word}
  0x0000017750c12fc8: 49ba 7b2e | c150 7701 | 0000 4d89 | 9768 0400 

  0x0000017750c12fd8: ;   {runtime_call SafepointBlob}
  0x0000017750c12fd8: 00e9 a22b | 1007 488d | 8424 8000 | 0000 4889 

  0x0000017750c12fe8: ;   {runtime_call monitorexit_nofpu Runtime1 stub}
  0x0000017750c12fe8: 0424 e811 | 311b 07e9 | ddfe ffff | 498b 8700 | 0500 0049 | c787 0005 | 0000 0000 | 0000 49c7 
  0x0000017750c13008: 8708 0500 | 0000 0000 | 0048 81c4 | a000 0000 

  0x0000017750c13018: ;   {runtime_call unwind_exception Runtime1 stub}
  0x0000017750c13018: 5de9 e212 | 1207 f4f4 
[Stub Code]
  0x0000017750c13020: ;   {no_reloc}
  0x0000017750c13020: 48bb 0000 | 0000 0000 

  0x0000017750c13028: ;   {runtime_call nmethod}
  0x0000017750c13028: 0000 e9fb 

  0x0000017750c1302c: ;   {static_stub}
  0x0000017750c1302c: ffff ff48 | bb00 0000 | 0000 0000 

  0x0000017750c13038: ;   {runtime_call nmethod}
  0x0000017750c13038: 00e9 fbff 

  0x0000017750c1303c: ;   {static_stub}
  0x0000017750c1303c: ffff 48bb | 0000 0000 | 0000 0000 

  0x0000017750c13048: ;   {runtime_call nmethod}
  0x0000017750c13048: e9fb ffff 

  0x0000017750c1304c: ;   {static_stub}
  0x0000017750c1304c: ff48 bb00 | 0000 0000 

  0x0000017750c13054: ;   {runtime_call nmethod}
  0x0000017750c13054: 0000 00e9 | fbff ffff 
[Exception Handler]
  0x0000017750c1305c: ;   {runtime_call handle_exception_from_callee Runtime1 stub}
  0x0000017750c1305c: e89f 171b 

  0x0000017750c13060: ;   {external_word}
  0x0000017750c13060: 0748 b940 | 536b 03fd | 7f00 0048 

  0x0000017750c1306c: ;   {runtime_call}
  0x0000017750c1306c: 83e4 f048 | b8b0 c32d | 03fd 7f00 | 00ff d0f4 
[Deopt Handler Code]
  0x0000017750c1307c: ;   {section_word}
  0x0000017750c1307c: 49ba 7c30 | c150 7701 | 0000 4152 

  0x0000017750c13088: ;   {runtime_call DeoptimizationBlob}
  0x0000017750c13088: e993 3f10 | 07f4 f4f4 
[/MachCode]


---------------  P R O C E S S  ---------------

Threads class SMR info:
_java_thread_list=0x000001776ab7b760, length=19, elements={
0x000001774b1e9e10, 0x000001774d64c3d0, 0x000001774d64d390, 0x0000017764004650,
0x0000017764007440, 0x0000017764006720, 0x0000017764006090, 0x000001776400f0d0,
0x0000017765922830, 0x0000017764003fc0, 0x0000017764004ce0, 0x0000017764005370,
0x0000017764005a00, 0x0000017764006db0, 0x000001776a388cd0, 0x000001776a385ee0,
0x000001776a388640, 0x000001776a389360, 0x000001776a386570
}

Java Threads: ( => current thread )
  0x000001774b1e9e10 JavaThread "main"                              [_thread_blocked, id=23164, stack(0x0000005285e00000,0x0000005285f00000) (1024K)]
  0x000001774d64c3d0 JavaThread "Reference Handler"          daemon [_thread_blocked, id=180, stack(0x0000005286200000,0x0000005286300000) (1024K)]
  0x000001774d64d390 JavaThread "Finalizer"                  daemon [_thread_blocked, id=10764, stack(0x0000005286300000,0x0000005286400000) (1024K)]
  0x0000017764004650 JavaThread "Signal Dispatcher"          daemon [_thread_blocked, id=6740, stack(0x0000005286400000,0x0000005286500000) (1024K)]
  0x0000017764007440 JavaThread "Attach Listener"            daemon [_thread_blocked, id=3388, stack(0x0000005286500000,0x0000005286600000) (1024K)]
  0x0000017764006720 JavaThread "Service Thread"             daemon [_thread_blocked, id=20876, stack(0x0000005286600000,0x0000005286700000) (1024K)]
  0x0000017764006090 JavaThread "Monitor Deflation Thread"   daemon [_thread_blocked, id=2092, stack(0x0000005286700000,0x0000005286800000) (1024K)]
  0x000001776400f0d0 JavaThread "C2 CompilerThread0"         daemon [_thread_in_native, id=15964, stack(0x0000005286800000,0x0000005286900000) (1024K)]
  0x0000017765922830 JavaThread "C1 CompilerThread0"         daemon [_thread_blocked, id=15764, stack(0x0000005286900000,0x0000005286a00000) (1024K)]
  0x0000017764003fc0 JavaThread "Common-Cleaner"             daemon [_thread_blocked, id=15692, stack(0x0000005286a00000,0x0000005286b00000) (1024K)]
  0x0000017764004ce0 JavaThread "Notification Thread"        daemon [_thread_blocked, id=15488, stack(0x0000005286b00000,0x0000005286c00000) (1024K)]
  0x0000017764005370 JavaThread "Active Thread: Equinox Container: 9003d90f-b932-4db3-bea0-9333cc39a98e"        [_thread_blocked, id=1252, stack(0x0000005287200000,0x0000005287300000) (1024K)]
  0x0000017764005a00 JavaThread "Framework Event Dispatcher: Equinox Container: 9003d90f-b932-4db3-bea0-9333cc39a98e" daemon [_thread_blocked, id=8864, stack(0x0000005287300000,0x0000005287400000) (1024K)]
=>0x0000017764006db0 JavaThread "Start Level: Equinox Container: 9003d90f-b932-4db3-bea0-9333cc39a98e" daemon [_thread_in_vm, id=5888, stack(0x0000005287400000,0x0000005287500000) (1024K)]
  0x000001776a388cd0 JavaThread "SCR Component Actor"        daemon [_thread_blocked, id=21348, stack(0x0000005287600000,0x0000005287700000) (1024K)]
  0x000001776a385ee0 JavaThread "Worker-JM"                         [_thread_blocked, id=14312, stack(0x0000005287700000,0x0000005287800000) (1024K)]
  0x000001776a388640 JavaThread "Worker-0"                          [_thread_blocked, id=1160, stack(0x0000005287800000,0x0000005287900000) (1024K)]
  0x000001776a389360 JavaThread "Worker-1"                          [_thread_blocked, id=13596, stack(0x0000005287900000,0x0000005287a00000) (1024K)]
  0x000001776a386570 JavaThread "Worker-2"                          [_thread_blocked, id=10432, stack(0x0000005287a00000,0x0000005287b00000) (1024K)]
Total: 19

Other Threads:
  0x000001774d633d60 VMThread "VM Thread"                           [id=13872, stack(0x0000005286100000,0x0000005286200000) (1024K)]
  0x000001774d5fda70 WatcherThread "VM Periodic Task Thread"        [id=11008, stack(0x0000005286000000,0x0000005286100000) (1024K)]
  0x000001774d5afe10 WorkerThread "GC Thread#0"                     [id=2708, stack(0x0000005285f00000,0x0000005286000000) (1024K)]
  0x000001776a317d60 WorkerThread "GC Thread#1"                     [id=2796, stack(0x0000005286c00000,0x0000005286d00000) (1024K)]
  0x000001776a2b2f50 WorkerThread "GC Thread#2"                     [id=10560, stack(0x0000005286d00000,0x0000005286e00000) (1024K)]
  0x000001776a2b3300 WorkerThread "GC Thread#3"                     [id=2432, stack(0x0000005286e00000,0x0000005286f00000) (1024K)]
  0x000001776a2b36b0 WorkerThread "GC Thread#4"                     [id=22608, stack(0x0000005286f00000,0x0000005287000000) (1024K)]
  0x000001776a2b3a60 WorkerThread "GC Thread#5"                     [id=15860, stack(0x0000005287000000,0x0000005287100000) (1024K)]
  0x000001776a2b3e10 WorkerThread "GC Thread#6"                     [id=13912, stack(0x0000005287100000,0x0000005287200000) (1024K)]
  0x0000017765969120 WorkerThread "GC Thread#7"                     [id=19248, stack(0x0000005287500000,0x0000005287600000) (1024K)]
Total: 10

Threads with active compile tasks:
C2 CompilerThread0  49851 2833       4       java.lang.invoke.MethodType::makeImpl (109 bytes)
Total: 1

VM state: not at safepoint (normal execution)

VM Mutex/Monitor currently owned by a thread:  ([mutex/lock_event])
[0x00007ffd0396c4e0] Metaspace_lock - owner thread: 0x0000017764006db0

Heap address: 0x0000000080000000, size: 2048 MB, Compressed Oops mode: 32-bit

CDS archive(s) mapped at: [0x0000017700000000-0x0000017700ba0000-0x0000017700ba0000), size 12189696, SharedBaseAddress: 0x0000017700000000, ArchiveRelocationMode: 1.
Compressed class space mapped at: 0x0000017701000000-0x0000017741000000, reserved size: 1073741824
Narrow klass base: 0x0000017700000000, Narrow klass shift: 0, Narrow klass range: 0x100000000

GC Precious Log:
 CardTable entry size: 512
 CPUs: 8 total, 8 available
 Memory: 16106M
 Large Page Support: Disabled
 NUMA Support: Disabled
 Compressed Oops: Enabled (32-bit)
 Alignments: Space 512K, Generation 512K, Heap 2M
 Heap Min Capacity: 100M
 Heap Initial Capacity: 100M
 Heap Max Capacity: 2G
 Pre-touch: Disabled
 Parallel Workers: 8

Heap:
 PSYoungGen      total 30720K, used 4769K [0x00000000d5580000, 0x00000000d7900000, 0x0000000100000000)
  eden space 25088K, 19% used [0x00000000d5580000,0x00000000d5a28728,0x00000000d6e00000)
  from space 5632K, 0% used [0x00000000d7380000,0x00000000d7380000,0x00000000d7900000)
  to   space 4096K, 0% used [0x00000000d6e80000,0x00000000d6e80000,0x00000000d7280000)
 ParOldGen       total 68608K, used 10260K [0x0000000080000000, 0x0000000084300000, 0x00000000d5580000)
  object space 68608K, 14% used [0x0000000080000000,0x0000000080a052c0,0x0000000084300000)
 Metaspace       used 21520K, committed 22208K, reserved 1114112K
  class space    used 2063K, committed 2368K, reserved 1048576K

Card table byte_map: [0x000001774cf50000,0x000001774d360000] _byte_map_base: 0x000001774cb50000

Marking Bits: (ParMarkBitMap*) 0x00007ffd03973450
 Begin Bits: [0x000001775fa40000, 0x0000017761a40000)
 End Bits:   [0x0000017761a40000, 0x0000017763a40000)

Polling page: 0x000001774b590000

Metaspace:

Usage:
  Non-class:     19.00 MB used.
      Class:      2.02 MB used.
       Both:     21.02 MB used.

Virtual space:
  Non-class space:       64.00 MB reserved,      19.38 MB ( 30%) committed,  1 nodes.
      Class space:        1.00 GB reserved,       2.31 MB ( <1%) committed,  1 nodes.
             Both:        1.06 GB reserved,      21.69 MB (  2%) committed. 

Chunk freelists:
   Non-Class:  12.17 MB
       Class:  13.54 MB
        Both:  25.70 MB

MaxMetaspaceSize: unlimited
CompressedClassSpaceSize: 1.00 GB
Initial GC threshold: 21.00 MB
Current GC threshold: 35.00 MB
CDS: on
 - commit_granule_bytes: 65536.
 - commit_granule_words: 8192.
 - virtual_space_node_default_size: 8388608.
 - enlarge_chunks_in_place: 1.
 - use_allocation_guard: 0.


Internal statistics:

num_allocs_failed_limit: 3.
num_arena_births: 482.
num_arena_deaths: 14.
num_vsnodes_births: 2.
num_vsnodes_deaths: 0.
num_space_committed: 347.
num_space_uncommitted: 0.
num_chunks_returned_to_freelist: 17.
num_chunks_taken_from_freelist: 1295.
num_chunk_merges: 9.
num_chunk_splits: 844.
num_chunks_enlarged: 542.
num_inconsistent_stats: 0.

CodeHeap 'non-profiled nmethods': size=120000Kb used=1227Kb max_used=1227Kb free=118772Kb
 bounds [0x0000017758260000, 0x00000177584d0000, 0x000001775f790000]
CodeHeap 'profiled nmethods': size=120000Kb used=5646Kb max_used=5646Kb free=114353Kb
 bounds [0x0000017750790000, 0x0000017750d20000, 0x0000017757cc0000]
CodeHeap 'non-nmethods': size=5760Kb used=1316Kb max_used=1352Kb free=4443Kb
 bounds [0x0000017757cc0000, 0x0000017757f30000, 0x0000017758260000]
CodeCache: size=245760Kb, used=8189Kb, max_used=8225Kb, free=237568Kb
 total_blobs=3424, nmethods=2835, adapters=495, full_count=0
Compilation: enabled, stopped_count=0, restarted_count=0

Compilation events (20 events):
Event: 49.557 Thread 0x000001776400f0d0 nmethod 2816 0x0000017758390f10 code [0x0000017758391140, 0x0000017758391a28]
Event: 49.558 Thread 0x0000017765922830 2826       3       java.lang.AbstractStringBuilder::isLatin1 (19 bytes)
Event: 49.558 Thread 0x0000017765922830 nmethod 2826 0x0000017750d0a410 code [0x0000017750d0a5c0, 0x0000017750d0a730]
Event: 49.562 Thread 0x0000017765922830 2827       3       java.lang.invoke.MethodHandleImpl::makePairwiseConvertByEditor (617 bytes)
Event: 49.563 Thread 0x000001776400f0d0 2828       4       java.lang.Character::digit (6 bytes)
Event: 49.565 Thread 0x000001776400f0d0 nmethod 2828 0x0000017758392090 code [0x0000017758392240, 0x00000177583923b8]
Event: 49.567 Thread 0x0000017765922830 nmethod 2827 0x0000017750d0a790 code [0x0000017750d0af80, 0x0000017750d0fe10]
Event: 49.567 Thread 0x0000017765922830 2829       3       java.lang.AbstractStringBuilder::append (77 bytes)
Event: 49.568 Thread 0x0000017765922830 nmethod 2829 0x0000017750d11d10 code [0x0000017750d11f20, 0x0000017750d125c8]
Event: 49.568 Thread 0x0000017765922830 2830       3       jdk.internal.misc.CDS::isDumpingArchive (4 bytes)
Event: 49.568 Thread 0x0000017765922830 nmethod 2830 0x0000017750d12890 code [0x0000017750d12a20, 0x0000017750d12b10]
Event: 49.590 Thread 0x0000017765922830 2832       3       java.util.regex.Matcher::<init> (95 bytes)
Event: 49.591 Thread 0x0000017765922830 nmethod 2832 0x0000017750d12b90 code [0x0000017750d12d60, 0x0000017750d13210]
Event: 49.604 Thread 0x000001776400f0d0 2833       4       java.lang.invoke.MethodType::makeImpl (109 bytes)
Event: 49.607 Thread 0x0000017765922830 2835       3       java.lang.StringBuilder::append (8 bytes)
Event: 49.607 Thread 0x0000017765922830 nmethod 2835 0x0000017750d13390 code [0x0000017750d13540, 0x0000017750d13690]
Event: 49.608 Thread 0x0000017765922830 2836       1       sun.nio.fs.WindowsFileSystem::provider (5 bytes)
Event: 49.608 Thread 0x0000017765922830 nmethod 2836 0x0000017758392a10 code [0x0000017758392ba0, 0x0000017758392c68]
Event: 49.697 Thread 0x0000017765922830 2837       2       java.util.HashSet::contains (9 bytes)
Event: 49.697 Thread 0x0000017765922830 nmethod 2837 0x0000017750d13710 code [0x0000017750d138c0, 0x0000017750d139f8]

GC Heap History (14 events):
Event: 3.884 GC heap before
{Heap before GC invocations=1 (full 0):
 PSYoungGen      total 29696K, used 25600K [0x00000000d5580000, 0x00000000d7680000, 0x0000000100000000)
  eden space 25600K, 100% used [0x00000000d5580000,0x00000000d6e80000,0x00000000d6e80000)
  from space 4096K, 0% used [0x00000000d7280000,0x00000000d7280000,0x00000000d7680000)
  to   space 4096K, 0% used [0x00000000d6e80000,0x00000000d6e80000,0x00000000d7280000)
 ParOldGen       total 68608K, used 0K [0x0000000080000000, 0x0000000084300000, 0x00000000d5580000)
  object space 68608K, 0% used [0x0000000080000000,0x0000000080000000,0x0000000084300000)
 Metaspace       used 4375K, committed 4608K, reserved 1114112K
  class space    used 474K, committed 576K, reserved 1048576K
}
Event: 3.895 GC heap after
{Heap after GC invocations=1 (full 0):
 PSYoungGen      total 29696K, used 3312K [0x00000000d5580000, 0x00000000d7680000, 0x0000000100000000)
  eden space 25600K, 0% used [0x00000000d5580000,0x00000000d5580000,0x00000000d6e80000)
  from space 4096K, 80% used [0x00000000d6e80000,0x00000000d71bc148,0x00000000d7280000)
  to   space 4096K, 0% used [0x00000000d7280000,0x00000000d7280000,0x00000000d7680000)
 ParOldGen       total 68608K, used 16K [0x0000000080000000, 0x0000000084300000, 0x00000000d5580000)
  object space 68608K, 0% used [0x0000000080000000,0x0000000080004000,0x0000000084300000)
 Metaspace       used 4375K, committed 4608K, reserved 1114112K
  class space    used 474K, committed 576K, reserved 1048576K
}
Event: 44.288 GC heap before
{Heap before GC invocations=2 (full 0):
 PSYoungGen      total 29696K, used 28912K [0x00000000d5580000, 0x00000000d7680000, 0x0000000100000000)
  eden space 25600K, 100% used [0x00000000d5580000,0x00000000d6e80000,0x00000000d6e80000)
  from space 4096K, 80% used [0x00000000d6e80000,0x00000000d71bc148,0x00000000d7280000)
  to   space 4096K, 0% used [0x00000000d7280000,0x00000000d7280000,0x00000000d7680000)
 ParOldGen       total 68608K, used 16K [0x0000000080000000, 0x0000000084300000, 0x00000000d5580000)
  object space 68608K, 0% used [0x0000000080000000,0x0000000080004000,0x0000000084300000)
 Metaspace       used 8092K, committed 8384K, reserved 1114112K
  class space    used 855K, committed 960K, reserved 1048576K
}
Event: 44.308 GC heap after
{Heap after GC invocations=2 (full 0):
 PSYoungGen      total 29696K, used 4087K [0x00000000d5580000, 0x00000000d7680000, 0x0000000100000000)
  eden space 25600K, 0% used [0x00000000d5580000,0x00000000d5580000,0x00000000d6e80000)
  from space 4096K, 99% used [0x00000000d7280000,0x00000000d767de88,0x00000000d7680000)
  to   space 4096K, 0% used [0x00000000d6e80000,0x00000000d6e80000,0x00000000d7280000)
 ParOldGen       total 68608K, used 1154K [0x0000000080000000, 0x0000000084300000, 0x00000000d5580000)
  object space 68608K, 1% used [0x0000000080000000,0x0000000080120b00,0x0000000084300000)
 Metaspace       used 8092K, committed 8384K, reserved 1114112K
  class space    used 855K, committed 960K, reserved 1048576K
}
Event: 46.512 GC heap before
{Heap before GC invocations=3 (full 0):
 PSYoungGen      total 29696K, used 29687K [0x00000000d5580000, 0x00000000d7680000, 0x0000000100000000)
  eden space 25600K, 100% used [0x00000000d5580000,0x00000000d6e80000,0x00000000d6e80000)
  from space 4096K, 99% used [0x00000000d7280000,0x00000000d767de88,0x00000000d7680000)
  to   space 4096K, 0% used [0x00000000d6e80000,0x00000000d6e80000,0x00000000d7280000)
 ParOldGen       total 68608K, used 1154K [0x0000000080000000, 0x0000000084300000, 0x00000000d5580000)
  object space 68608K, 1% used [0x0000000080000000,0x0000000080120b00,0x0000000084300000)
 Metaspace       used 12958K, committed 13440K, reserved 1114112K
  class space    used 1367K, committed 1600K, reserved 1048576K
}
Event: 46.516 GC heap after
{Heap after GC invocations=3 (full 0):
 PSYoungGen      total 29696K, used 4084K [0x00000000d5580000, 0x00000000d7680000, 0x0000000100000000)
  eden space 25600K, 0% used [0x00000000d5580000,0x00000000d5580000,0x00000000d6e80000)
  from space 4096K, 99% used [0x00000000d6e80000,0x00000000d727d2f0,0x00000000d7280000)
  to   space 4096K, 0% used [0x00000000d7280000,0x00000000d7280000,0x00000000d7680000)
 ParOldGen       total 68608K, used 2860K [0x0000000080000000, 0x0000000084300000, 0x00000000d5580000)
  object space 68608K, 4% used [0x0000000080000000,0x00000000802cb3f8,0x0000000084300000)
 Metaspace       used 12958K, committed 13440K, reserved 1114112K
  class space    used 1367K, committed 1600K, reserved 1048576K
}
Event: 47.700 GC heap before
{Heap before GC invocations=4 (full 0):
 PSYoungGen      total 29696K, used 29684K [0x00000000d5580000, 0x00000000d7680000, 0x0000000100000000)
  eden space 25600K, 100% used [0x00000000d5580000,0x00000000d6e80000,0x00000000d6e80000)
  from space 4096K, 99% used [0x00000000d6e80000,0x00000000d727d2f0,0x00000000d7280000)
  to   space 4096K, 0% used [0x00000000d7280000,0x00000000d7280000,0x00000000d7680000)
 ParOldGen       total 68608K, used 2860K [0x0000000080000000, 0x0000000084300000, 0x00000000d5580000)
  object space 68608K, 4% used [0x0000000080000000,0x00000000802cb3f8,0x0000000084300000)
 Metaspace       used 15967K, committed 16576K, reserved 1114112K
  class space    used 1658K, committed 1920K, reserved 1048576K
}
Event: 47.706 GC heap after
{Heap after GC invocations=4 (full 0):
 PSYoungGen      total 29696K, used 4095K [0x00000000d5580000, 0x00000000d7680000, 0x0000000100000000)
  eden space 25600K, 0% used [0x00000000d5580000,0x00000000d5580000,0x00000000d6e80000)
  from space 4096K, 99% used [0x00000000d7280000,0x00000000d767fea8,0x00000000d7680000)
  to   space 4096K, 0% used [0x00000000d6e80000,0x00000000d6e80000,0x00000000d7280000)
 ParOldGen       total 68608K, used 5019K [0x0000000080000000, 0x0000000084300000, 0x00000000d5580000)
  object space 68608K, 7% used [0x0000000080000000,0x00000000804e6ec8,0x0000000084300000)
 Metaspace       used 15967K, committed 16576K, reserved 1114112K
  class space    used 1658K, committed 1920K, reserved 1048576K
}
Event: 48.930 GC heap before
{Heap before GC invocations=5 (full 0):
 PSYoungGen      total 29696K, used 29695K [0x00000000d5580000, 0x00000000d7680000, 0x0000000100000000)
  eden space 25600K, 100% used [0x00000000d5580000,0x00000000d6e80000,0x00000000d6e80000)
  from space 4096K, 99% used [0x00000000d7280000,0x00000000d767fea8,0x00000000d7680000)
  to   space 4096K, 0% used [0x00000000d6e80000,0x00000000d6e80000,0x00000000d7280000)
 ParOldGen       total 68608K, used 5019K [0x0000000080000000, 0x0000000084300000, 0x00000000d5580000)
  object space 68608K, 7% used [0x0000000080000000,0x00000000804e6ec8,0x0000000084300000)
 Metaspace       used 20114K, committed 20672K, reserved 1114112K
  class space    used 1958K, committed 2176K, reserved 1048576K
}
Event: 48.934 GC heap after
{Heap after GC invocations=5 (full 0):
 PSYoungGen      total 29184K, used 4087K [0x00000000d5580000, 0x00000000d7900000, 0x0000000100000000)
  eden space 25088K, 0% used [0x00000000d5580000,0x00000000d5580000,0x00000000d6e00000)
  from space 4096K, 99% used [0x00000000d6e80000,0x00000000d727de58,0x00000000d7280000)
  to   space 5632K, 0% used [0x00000000d7380000,0x00000000d7380000,0x00000000d7900000)
 ParOldGen       total 68608K, used 5609K [0x0000000080000000, 0x0000000084300000, 0x00000000d5580000)
  object space 68608K, 8% used [0x0000000080000000,0x000000008057a5a0,0x0000000084300000)
 Metaspace       used 20114K, committed 20672K, reserved 1114112K
  class space    used 1958K, committed 2176K, reserved 1048576K
}
Event: 49.368 GC heap before
{Heap before GC invocations=6 (full 0):
 PSYoungGen      total 29184K, used 24024K [0x00000000d5580000, 0x00000000d7900000, 0x0000000100000000)
  eden space 25088K, 79% used [0x00000000d5580000,0x00000000d68f84e0,0x00000000d6e00000)
  from space 4096K, 99% used [0x00000000d6e80000,0x00000000d727de58,0x00000000d7280000)
  to   space 5632K, 0% used [0x00000000d7380000,0x00000000d7380000,0x00000000d7900000)
 ParOldGen       total 68608K, used 5609K [0x0000000080000000, 0x0000000084300000, 0x00000000d5580000)
  object space 68608K, 8% used [0x0000000080000000,0x000000008057a5a0,0x0000000084300000)
 Metaspace       used 20922K, committed 21504K, reserved 1114112K
  class space    used 2007K, committed 2240K, reserved 1048576K
}
Event: 49.372 GC heap after
{Heap after GC invocations=6 (full 0):
 PSYoungGen      total 30720K, used 5626K [0x00000000d5580000, 0x00000000d7900000, 0x0000000100000000)
  eden space 25088K, 0% used [0x00000000d5580000,0x00000000d5580000,0x00000000d6e00000)
  from space 5632K, 99% used [0x00000000d7380000,0x00000000d78feb58,0x00000000d7900000)
  to   space 4096K, 0% used [0x00000000d6e80000,0x00000000d6e80000,0x00000000d7280000)
 ParOldGen       total 68608K, used 6227K [0x0000000080000000, 0x0000000084300000, 0x00000000d5580000)
  object space 68608K, 9% used [0x0000000080000000,0x0000000080614d18,0x0000000084300000)
 Metaspace       used 20922K, committed 21504K, reserved 1114112K
  class space    used 2007K, committed 2240K, reserved 1048576K
}
Event: 49.372 GC heap before
{Heap before GC invocations=7 (full 1):
 PSYoungGen      total 30720K, used 5626K [0x00000000d5580000, 0x00000000d7900000, 0x0000000100000000)
  eden space 25088K, 0% used [0x00000000d5580000,0x00000000d5580000,0x00000000d6e00000)
  from space 5632K, 99% used [0x00000000d7380000,0x00000000d78feb58,0x00000000d7900000)
  to   space 4096K, 0% used [0x00000000d6e80000,0x00000000d6e80000,0x00000000d7280000)
 ParOldGen       total 68608K, used 6227K [0x0000000080000000, 0x0000000084300000, 0x00000000d5580000)
  object space 68608K, 9% used [0x0000000080000000,0x0000000080614d18,0x0000000084300000)
 Metaspace       used 20922K, committed 21504K, reserved 1114112K
  class space    used 2007K, committed 2240K, reserved 1048576K
}
Event: 49.429 GC heap after
{Heap after GC invocations=7 (full 1):
 PSYoungGen      total 30720K, used 0K [0x00000000d5580000, 0x00000000d7900000, 0x0000000100000000)
  eden space 25088K, 0% used [0x00000000d5580000,0x00000000d5580000,0x00000000d6e00000)
  from space 5632K, 0% used [0x00000000d7380000,0x00000000d7380000,0x00000000d7900000)
  to   space 4096K, 0% used [0x00000000d6e80000,0x00000000d6e80000,0x00000000d7280000)
 ParOldGen       total 68608K, used 10260K [0x0000000080000000, 0x0000000084300000, 0x00000000d5580000)
  object space 68608K, 14% used [0x0000000080000000,0x0000000080a052c0,0x0000000084300000)
 Metaspace       used 20909K, committed 21504K, reserved 1114112K
  class space    used 2004K, committed 2240K, reserved 1048576K
}

Dll operation events (9 events):
Event: 0.349 Loaded shared library c:\Users\menete\.vscode\extensions\redhat.java-1.53.0-win32-x64\jre\21.0.10-win32-x86_64\bin\java.dll
Event: 0.483 Loaded shared library c:\Users\menete\.vscode\extensions\redhat.java-1.53.0-win32-x64\jre\21.0.10-win32-x86_64\bin\zip.dll
Event: 0.506 Loaded shared library C:\Users\menete\.vscode\extensions\redhat.java-1.53.0-win32-x64\jre\21.0.10-win32-x86_64\bin\instrument.dll
Event: 0.512 Loaded shared library C:\Users\menete\.vscode\extensions\redhat.java-1.53.0-win32-x64\jre\21.0.10-win32-x86_64\bin\net.dll
Event: 0.514 Loaded shared library C:\Users\menete\.vscode\extensions\redhat.java-1.53.0-win32-x64\jre\21.0.10-win32-x86_64\bin\nio.dll
Event: 0.521 Loaded shared library C:\Users\menete\.vscode\extensions\redhat.java-1.53.0-win32-x64\jre\21.0.10-win32-x86_64\bin\zip.dll
Event: 0.556 Loaded shared library C:\Users\menete\.vscode\extensions\redhat.java-1.53.0-win32-x64\jre\21.0.10-win32-x86_64\bin\jimage.dll
Event: 0.823 Loaded shared library c:\Users\menete\.vscode\extensions\redhat.java-1.53.0-win32-x64\jre\21.0.10-win32-x86_64\bin\verify.dll
Event: 44.438 Loaded shared library C:\Users\menete\AppData\Roaming\Code\User\globalStorage\redhat.java\1.53.0\config_ss_win\org.eclipse.equinox.launcher\org.eclipse.equinox.launcher.win32.win32.x86_64_1.3.0.v20260203-2149\eclipse_11919.dll

Deoptimization events (20 events):
Event: 49.544 Thread 0x0000017764006db0 Uncommon trap: trap_request=0xffffffc6 fr.pc=0x00000177583099cc relative=0x0000000000000a0c
Event: 49.544 Thread 0x0000017764006db0 Uncommon trap: reason=bimorphic_or_optimized_type_check action=maybe_recompile pc=0x00000177583099cc method=java.util.HashMap.putVal(ILjava/lang/Object;Ljava/lang/Object;ZZ)Ljava/lang/Object; @ 56 c2
Event: 49.544 Thread 0x0000017764006db0 DEOPT PACKING pc=0x00000177583099cc sp=0x00000052874fde30
Event: 49.544 Thread 0x0000017764006db0 DEOPT UNPACKING pc=0x0000017757d16da2 sp=0x00000052874fdd30 mode 2
Event: 49.544 Thread 0x0000017764006db0 Uncommon trap: trap_request=0xffffffc6 fr.pc=0x00000177583099cc relative=0x0000000000000a0c
Event: 49.544 Thread 0x0000017764006db0 Uncommon trap: reason=bimorphic_or_optimized_type_check action=maybe_recompile pc=0x00000177583099cc method=java.util.HashMap.putVal(ILjava/lang/Object;Ljava/lang/Object;ZZ)Ljava/lang/Object; @ 56 c2
Event: 49.544 Thread 0x0000017764006db0 DEOPT PACKING pc=0x00000177583099cc sp=0x00000052874fde30
Event: 49.544 Thread 0x0000017764006db0 DEOPT UNPACKING pc=0x0000017757d16da2 sp=0x00000052874fdd30 mode 2
Event: 49.544 Thread 0x0000017764006db0 Uncommon trap: trap_request=0xffffffc6 fr.pc=0x00000177583099cc relative=0x0000000000000a0c
Event: 49.544 Thread 0x0000017764006db0 Uncommon trap: reason=bimorphic_or_optimized_type_check action=maybe_recompile pc=0x00000177583099cc method=java.util.HashMap.putVal(ILjava/lang/Object;Ljava/lang/Object;ZZ)Ljava/lang/Object; @ 56 c2
Event: 49.544 Thread 0x0000017764006db0 DEOPT PACKING pc=0x00000177583099cc sp=0x00000052874fde30
Event: 49.544 Thread 0x0000017764006db0 DEOPT UNPACKING pc=0x0000017757d16da2 sp=0x00000052874fdd30 mode 2
Event: 49.544 Thread 0x0000017764006db0 Uncommon trap: trap_request=0xffffffc6 fr.pc=0x00000177583099cc relative=0x0000000000000a0c
Event: 49.544 Thread 0x0000017764006db0 Uncommon trap: reason=bimorphic_or_optimized_type_check action=maybe_recompile pc=0x00000177583099cc method=java.util.HashMap.putVal(ILjava/lang/Object;Ljava/lang/Object;ZZ)Ljava/lang/Object; @ 56 c2
Event: 49.544 Thread 0x0000017764006db0 DEOPT PACKING pc=0x00000177583099cc sp=0x00000052874fde30
Event: 49.544 Thread 0x0000017764006db0 DEOPT UNPACKING pc=0x0000017757d16da2 sp=0x00000052874fdd30 mode 2
Event: 49.590 Thread 0x0000017764006db0 Uncommon trap: trap_request=0xffffff45 fr.pc=0x000001775838b8a8 relative=0x0000000000000928
Event: 49.590 Thread 0x0000017764006db0 Uncommon trap: reason=unstable_if action=reinterpret pc=0x000001775838b8a8 method=java.util.regex.Pattern$BmpCharPropertyGreedy.match(Ljava/util/regex/Matcher;ILjava/lang/CharSequence;)Z @ 12 c2
Event: 49.590 Thread 0x0000017764006db0 DEOPT PACKING pc=0x000001775838b8a8 sp=0x00000052874fd9c0
Event: 49.590 Thread 0x0000017764006db0 DEOPT UNPACKING pc=0x0000017757d16da2 sp=0x00000052874fd8a8 mode 2

Classes loaded (20 events):
Event: 49.628 Loading class java/nio/channels/SelectableChannel done
Event: 49.628 Loading class java/nio/channels/spi/AbstractSelectableChannel done
Event: 49.628 Loading class java/nio/channels/SocketChannel done
Event: 49.628 Loading class sun/nio/ch/SocketChannelImpl done
Event: 49.628 Loading class sun/nio/ch/ChannelOutputStream
Event: 49.637 Loading class sun/nio/ch/ChannelOutputStream done
Event: 49.637 Loading class sun/nio/ch/Util
Event: 49.637 Loading class sun/nio/ch/Util done
Event: 49.641 Loading class sun/nio/ch/Util$1
Event: 49.643 Loading class sun/nio/ch/Util$1 done
Event: 49.643 Loading class sun/nio/ch/Util$BufferCache
Event: 49.643 Loading class sun/nio/ch/Util$BufferCache done
Event: 49.643 Loading class java/nio/DirectByteBuffer$Deallocator
Event: 49.643 Loading class java/nio/DirectByteBuffer$Deallocator done
Event: 49.644 Loading class sun/nio/ch/IOStatus
Event: 49.644 Loading class sun/nio/ch/IOStatus done
Event: 49.644 Loading class java/nio/file/StandardCopyOption
Event: 49.645 Loading class java/nio/file/StandardCopyOption done
Event: 49.645 Loading class sun/nio/fs/WindowsFileCopy
Event: 49.645 Loading class sun/nio/fs/WindowsFileCopy done

Classes unloaded (7 events):
Event: 49.381 Thread 0x000001774d633d60 Unloading class 0x0000017701190c00 'java/lang/invoke/LambdaForm$MH+0x0000017701190c00'
Event: 49.381 Thread 0x000001774d633d60 Unloading class 0x0000017701190800 'java/lang/invoke/LambdaForm$MH+0x0000017701190800'
Event: 49.381 Thread 0x000001774d633d60 Unloading class 0x0000017701190400 'java/lang/invoke/LambdaForm$MH+0x0000017701190400'
Event: 49.381 Thread 0x000001774d633d60 Unloading class 0x0000017701190000 'java/lang/invoke/LambdaForm$MH+0x0000017701190000'
Event: 49.381 Thread 0x000001774d633d60 Unloading class 0x000001770118fc00 'java/lang/invoke/LambdaForm$BMH+0x000001770118fc00'
Event: 49.381 Thread 0x000001774d633d60 Unloading class 0x000001770118f800 'java/lang/invoke/LambdaForm$DMH+0x000001770118f800'
Event: 49.381 Thread 0x000001774d633d60 Unloading class 0x000001770118e400 'java/lang/invoke/LambdaForm$DMH+0x000001770118e400'

Classes redefined (0 events):
No events

Internal exceptions (20 events):
Event: 46.900 Thread 0x0000017764006db0 Exception <a 'java/lang/NoSuchMethodError'{0x00000000d5d3b308}: 'java.lang.Object java.lang.invoke.DirectMethodHandle$Holder.newInvokeSpecial(java.lang.Object, java.lang.Object, java.lang.Object, java.lang.Object, java.lang.Object)'> (0x00000000d5d3b308) 
thrown [s\src\hotspot\share\interpreter\linkResolver.cpp, line 773]
Event: 46.950 Thread 0x0000017764006db0 Exception <a 'java/lang/NoSuchMethodError'{0x00000000d5e1a0c8}: 'java.lang.Object java.lang.invoke.DirectMethodHandle$Holder.invokeSpecial(java.lang.Object, java.lang.Object, java.lang.Object, long, java.lang.Object)'> (0x00000000d5e1a0c8) 
thrown [s\src\hotspot\share\interpreter\linkResolver.cpp, line 773]
Event: 46.954 Thread 0x0000017764006db0 Exception <a 'java/lang/NoSuchMethodError'{0x00000000d5e21910}: 'java.lang.Object java.lang.invoke.DirectMethodHandle$Holder.newInvokeSpecial(java.lang.Object, java.lang.Object, java.lang.Object, long)'> (0x00000000d5e21910) 
thrown [s\src\hotspot\share\interpreter\linkResolver.cpp, line 773]
Event: 46.960 Thread 0x0000017764006db0 Exception <a 'java/lang/NoSuchMethodError'{0x00000000d5e25cc0}: 'java.lang.Object java.lang.invoke.DirectMethodHandle$Holder.invokeSpecial(java.lang.Object, java.lang.Object, java.lang.Object, java.lang.Object, long)'> (0x00000000d5e25cc0) 
thrown [s\src\hotspot\share\interpreter\linkResolver.cpp, line 773]
Event: 46.961 Thread 0x0000017764006db0 Exception <a 'java/lang/NoSuchMethodError'{0x00000000d5e29b30}: 'java.lang.Object java.lang.invoke.Invokers$Holder.linkToTargetMethod(java.lang.Object, java.lang.Object, long, java.lang.Object)'> (0x00000000d5e29b30) 
thrown [s\src\hotspot\share\interpreter\linkResolver.cpp, line 773]
Event: 46.982 Thread 0x0000017764006db0 Exception <a 'java/lang/NoSuchMethodError'{0x00000000d5e81d30}: 'int java.lang.invoke.DirectMethodHandle$Holder.invokeStaticInit(java.lang.Object, java.lang.Object, java.lang.Object)'> (0x00000000d5e81d30) 
thrown [s\src\hotspot\share\interpreter\linkResolver.cpp, line 773]
Event: 47.033 Thread 0x0000017764006db0 Exception <a 'java/lang/IncompatibleClassChangeError'{0x00000000d5f38188}: Found class java.lang.Object, but interface was expected> (0x00000000d5f38188) 
thrown [s\src\hotspot\share\interpreter\linkResolver.cpp, line 840]
Event: 47.035 Thread 0x0000017764006db0 Exception <a 'java/lang/NoSuchMethodError'{0x00000000d5f3bd38}: 'java.lang.Object java.lang.invoke.DirectMethodHandle$Holder.invokeSpecial(java.lang.Object, java.lang.Object, java.lang.Object, int, java.lang.Object, java.lang.Object)'> (0x00000000d5f3bd38) 
thrown [s\src\hotspot\share\interpreter\linkResolver.cpp, line 773]
Event: 47.036 Thread 0x0000017764006db0 Exception <a 'java/lang/NoSuchMethodError'{0x00000000d5f43810}: 'java.lang.Object java.lang.invoke.DirectMethodHandle$Holder.newInvokeSpecial(java.lang.Object, java.lang.Object, java.lang.Object, int, java.lang.Object)'> (0x00000000d5f43810) 
thrown [s\src\hotspot\share\interpreter\linkResolver.cpp, line 773]
Event: 47.037 Thread 0x0000017764006db0 Exception <a 'java/lang/NoSuchMethodError'{0x00000000d5f47790}: 'java.lang.Object java.lang.invoke.DirectMethodHandle$Holder.invokeSpecial(java.lang.Object, java.lang.Object, java.lang.Object, java.lang.Object, int, java.lang.Object)'> (0x00000000d5f47790) 
thrown [s\src\hotspot\share\interpreter\linkResolver.cpp, line 773]
Event: 47.038 Thread 0x0000017764006db0 Exception <a 'java/lang/NoSuchMethodError'{0x00000000d5f4b2d0}: 'java.lang.Object java.lang.invoke.Invokers$Holder.linkToTargetMethod(java.lang.Object, java.lang.Object, int, java.lang.Object, java.lang.Object)'> (0x00000000d5f4b2d0) 
thrown [s\src\hotspot\share\interpreter\linkResolver.cpp, line 773]
Event: 47.041 Thread 0x000001776a388640 Exception <a 'java/lang/NoSuchMethodError'{0x00000000d5e9dbe8}: 'java.lang.Object java.lang.invoke.DirectMethodHandle$Holder.invokeSpecial(java.lang.Object, java.lang.Object, int, java.lang.Object, java.lang.Object)'> (0x00000000d5e9dbe8) 
thrown [s\src\hotspot\share\interpreter\linkResolver.cpp, line 773]
Event: 47.042 Thread 0x000001776a388640 Exception <a 'java/lang/NoSuchMethodError'{0x00000000d5ea4920}: 'java.lang.Object java.lang.invoke.DirectMethodHandle$Holder.newInvokeSpecial(java.lang.Object, java.lang.Object, int, java.lang.Object)'> (0x00000000d5ea4920) 
thrown [s\src\hotspot\share\interpreter\linkResolver.cpp, line 773]
Event: 47.042 Thread 0x000001776a388640 Exception <a 'java/lang/NoSuchMethodError'{0x00000000d5ea8200}: 'java.lang.Object java.lang.invoke.DirectMethodHandle$Holder.invokeSpecial(java.lang.Object, java.lang.Object, java.lang.Object, int, java.lang.Object)'> (0x00000000d5ea8200) 
thrown [s\src\hotspot\share\interpreter\linkResolver.cpp, line 773]
Event: 47.149 Thread 0x0000017764006db0 Exception <a 'java/lang/NoSuchMethodError'{0x00000000d60962e0}: 'void java.lang.invoke.DirectMethodHandle$Holder.invokeSpecial(java.lang.Object, java.lang.Object, java.lang.Object, java.lang.Object, java.lang.Object)'> (0x00000000d60962e0) 
thrown [s\src\hotspot\share\interpreter\linkResolver.cpp, line 773]
Event: 47.331 Thread 0x0000017764006db0 Exception <a 'java/lang/NoSuchMethodError'{0x00000000d62a2d30}: 'double java.lang.invoke.DirectMethodHandle$Holder.invokeStatic(java.lang.Object, java.lang.Object)'> (0x00000000d62a2d30) 
thrown [s\src\hotspot\share\interpreter\linkResolver.cpp, line 773]
Event: 47.331 Thread 0x0000017764006db0 Exception <a 'java/lang/NoSuchMethodError'{0x00000000d62a63f0}: 'double java.lang.invoke.DirectMethodHandle$Holder.invokeStaticInit(java.lang.Object, java.lang.Object)'> (0x00000000d62a63f0) 
thrown [s\src\hotspot\share\interpreter\linkResolver.cpp, line 773]
Event: 48.710 Thread 0x0000017764006db0 Implicit null exception at 0x000001775836d875 to 0x000001775836d988
Event: 49.474 Thread 0x0000017764006db0 Exception <a 'java/lang/NoSuchMethodError'{0x00000000d5675450}: 'java.lang.Object java.lang.invoke.DirectMethodHandle$Holder.newInvokeSpecial(java.lang.Object, int, java.lang.Object, java.lang.Object)'> (0x00000000d5675450) 
thrown [s\src\hotspot\share\interpreter\linkResolver.cpp, line 773]
Event: 49.569 Thread 0x0000017764006db0 Exception <a 'sun/nio/fs/WindowsException'{0x00000000d58797e8}> (0x00000000d58797e8) 
thrown [s\src\hotspot\share\prims\jni.cpp, line 520]

ZGC Phase Switch (0 events):
No events

VM Operations (20 events):
Event: 45.896 Executing safepoint VM operation: Cleanup
Event: 45.942 Executing safepoint VM operation: Cleanup done
Event: 46.162 Executing non-safepoint VM operation: HandshakeAllThreads (Deoptimize)
Event: 46.162 Executing non-safepoint VM operation: HandshakeAllThreads (Deoptimize) done
Event: 46.512 Executing safepoint VM operation: ParallelGCFailedAllocation (Allocation Failure)
Event: 46.517 Executing safepoint VM operation: ParallelGCFailedAllocation (Allocation Failure) done
Event: 46.661 Executing non-safepoint VM operation: HandshakeAllThreads (Deoptimize)
Event: 46.661 Executing non-safepoint VM operation: HandshakeAllThreads (Deoptimize) done
Event: 46.669 Executing non-safepoint VM operation: HandshakeAllThreads (Deoptimize)
Event: 46.669 Executing non-safepoint VM operation: HandshakeAllThreads (Deoptimize) done
Event: 46.721 Executing non-safepoint VM operation: HandshakeAllThreads (Deoptimize)
Event: 46.721 Executing non-safepoint VM operation: HandshakeAllThreads (Deoptimize) done
Event: 47.700 Executing safepoint VM operation: ParallelGCFailedAllocation (Allocation Failure)
Event: 47.706 Executing safepoint VM operation: ParallelGCFailedAllocation (Allocation Failure) done
Event: 48.930 Executing safepoint VM operation: ParallelGCFailedAllocation (Allocation Failure)
Event: 48.934 Executing safepoint VM operation: ParallelGCFailedAllocation (Allocation Failure) done
Event: 49.361 Executing safepoint VM operation: CollectForMetadataAllocation (Metadata GC Threshold)
Event: 49.429 Executing safepoint VM operation: CollectForMetadataAllocation (Metadata GC Threshold) done
Event: 49.544 Executing non-safepoint VM operation: HandshakeAllThreads (Deoptimize)
Event: 49.544 Executing non-safepoint VM operation: HandshakeAllThreads (Deoptimize) done

Memory protections (0 events):
No events

Nmethod flushes (0 events):
No events

Events (20 events):
Event: 0.399 Thread 0x000001774b1e9e10 Thread added: 0x000001774d64c3d0
Event: 0.399 Thread 0x000001774b1e9e10 Thread added: 0x000001774d64d390
Event: 0.399 Thread 0x000001774b1e9e10 Thread added: 0x0000017764004650
Event: 0.399 Thread 0x000001774b1e9e10 Thread added: 0x0000017764007440
Event: 0.399 Thread 0x000001774b1e9e10 Thread added: 0x0000017764006720
Event: 0.399 Thread 0x000001774b1e9e10 Thread added: 0x0000017764006090
Event: 0.399 Thread 0x000001774b1e9e10 Thread added: 0x000001776400f0d0
Event: 0.427 Thread 0x000001774b1e9e10 Thread added: 0x0000017765922830
Event: 0.509 Thread 0x000001774b1e9e10 Thread added: 0x0000017764003fc0
Event: 0.972 Thread 0x000001774b1e9e10 Thread added: 0x0000017764004ce0
Event: 5.289 Thread 0x000001774b1e9e10 Thread added: 0x0000017764005370
Event: 43.685 Thread 0x000001774b1e9e10 Thread added: 0x0000017764005a00
Event: 44.004 Thread 0x000001774b1e9e10 Thread added: 0x0000017764006db0
Event: 44.822 Thread 0x0000017764006db0 Thread added: 0x000001776a388cd0
Event: 46.242 Thread 0x0000017764006db0 Thread added: 0x000001776a385ee0
Event: 46.969 Thread 0x0000017764006db0 Thread added: 0x000001776a388640
Event: 47.056 Thread 0x0000017764006db0 Thread added: 0x000001776a389360
Event: 47.312 Thread 0x000001776a389360 Thread added: 0x000001776a386570
Event: 49.347 Thread 0x0000017764006db0 Thread added: 0x000001776a386c00
Event: 49.690 Thread 0x000001776a386c00 Thread exited: 0x000001776a386c00


Dynamic libraries:
0x00007ff7cd6d0000 - 0x00007ff7cd6de000 	c:\Users\menete\.vscode\extensions\redhat.java-1.53.0-win32-x64\jre\21.0.10-win32-x86_64\bin\java.exe
0x00007ffddfe30000 - 0x00007ffde0048000 	C:\WINDOWS\SYSTEM32\ntdll.dll
0x00007ffdded80000 - 0x00007ffddee44000 	C:\WINDOWS\System32\KERNEL32.DLL
0x00007ffddd350000 - 0x00007ffddd723000 	C:\WINDOWS\System32\KERNELBASE.dll
0x00007ffddcf40000 - 0x00007ffddd051000 	C:\WINDOWS\System32\ucrtbase.dll
0x00007ffdab5b0000 - 0x00007ffdab5c8000 	c:\Users\menete\.vscode\extensions\redhat.java-1.53.0-win32-x64\jre\21.0.10-win32-x86_64\bin\jli.dll
0x00007ffddef70000 - 0x00007ffddf122000 	C:\WINDOWS\System32\USER32.dll
0x00007ffdddaa0000 - 0x00007ffdddac6000 	C:\WINDOWS\System32\win32u.dll
0x00007ffddf860000 - 0x00007ffddf889000 	C:\WINDOWS\System32\GDI32.dll
0x00007ffddd0e0000 - 0x00007ffddd1fb000 	C:\WINDOWS\System32\gdi32full.dll
0x00007ffddd2b0000 - 0x00007ffddd34a000 	C:\WINDOWS\System32\msvcp_win.dll
0x00007ffdaa0a0000 - 0x00007ffdaa0be000 	c:\Users\menete\.vscode\extensions\redhat.java-1.53.0-win32-x64\jre\21.0.10-win32-x86_64\bin\VCRUNTIME140.dll
0x00007ffdcc030000 - 0x00007ffdcc2cc000 	C:\WINDOWS\WinSxS\amd64_microsoft.windows.common-controls_6595b64144ccf1df_6.0.22621.6060_none_2712eda17382d24b\COMCTL32.dll
0x00007ffddecd0000 - 0x00007ffdded77000 	C:\WINDOWS\System32\msvcrt.dll
0x00007ffddf660000 - 0x00007ffddf691000 	C:\WINDOWS\System32\IMM32.DLL
0x00007ffdca680000 - 0x00007ffdca68c000 	c:\Users\menete\.vscode\extensions\redhat.java-1.53.0-win32-x64\jre\21.0.10-win32-x86_64\bin\vcruntime140_1.dll
0x00007ffd4c740000 - 0x00007ffd4c7cd000 	c:\Users\menete\.vscode\extensions\redhat.java-1.53.0-win32-x64\jre\21.0.10-win32-x86_64\bin\msvcp140.dll
0x00007ffd02cb0000 - 0x00007ffd03a51000 	c:\Users\menete\.vscode\extensions\redhat.java-1.53.0-win32-x64\jre\21.0.10-win32-x86_64\bin\server\jvm.dll
0x00007ffddde10000 - 0x00007ffdddec1000 	C:\WINDOWS\System32\ADVAPI32.dll
0x00007ffddeb10000 - 0x00007ffddebb8000 	C:\WINDOWS\System32\sechost.dll
0x00007ffddd280000 - 0x00007ffddd2a8000 	C:\WINDOWS\System32\bcrypt.dll
0x00007ffddee50000 - 0x00007ffddef68000 	C:\WINDOWS\System32\RPCRT4.dll
0x00007ffddf470000 - 0x00007ffddf4e1000 	C:\WINDOWS\System32\WS2_32.dll
0x00007ffddbd50000 - 0x00007ffddbd9d000 	C:\WINDOWS\SYSTEM32\POWRPROF.dll
0x00007ffdd6a60000 - 0x00007ffdd6a94000 	C:\WINDOWS\SYSTEM32\WINMM.dll
0x00007ffdd9d80000 - 0x00007ffdd9d8a000 	C:\WINDOWS\SYSTEM32\VERSION.dll
0x00007ffddbd30000 - 0x00007ffddbd43000 	C:\WINDOWS\SYSTEM32\UMPDC.dll
0x00007ffddbf70000 - 0x00007ffddbf88000 	C:\WINDOWS\SYSTEM32\kernel.appcore.dll
0x00007ffdc2c40000 - 0x00007ffdc2c4a000 	c:\Users\menete\.vscode\extensions\redhat.java-1.53.0-win32-x64\jre\21.0.10-win32-x86_64\bin\jimage.dll
0x00007ffdda340000 - 0x00007ffdda573000 	C:\WINDOWS\SYSTEM32\DBGHELP.DLL
0x00007ffdde770000 - 0x00007ffddeb01000 	C:\WINDOWS\System32\combase.dll
0x00007ffddfd10000 - 0x00007ffddfde8000 	C:\WINDOWS\System32\OLEAUT32.dll
0x00007ffdbe010000 - 0x00007ffdbe042000 	C:\WINDOWS\SYSTEM32\dbgcore.DLL
0x00007ffddd200000 - 0x00007ffddd27b000 	C:\WINDOWS\System32\bcryptPrimitives.dll
0x00007ffdb3700000 - 0x00007ffdb370f000 	c:\Users\menete\.vscode\extensions\redhat.java-1.53.0-win32-x64\jre\21.0.10-win32-x86_64\bin\instrument.dll
0x00007ffd92be0000 - 0x00007ffd92c00000 	c:\Users\menete\.vscode\extensions\redhat.java-1.53.0-win32-x64\jre\21.0.10-win32-x86_64\bin\java.dll
0x00007ffddded0000 - 0x00007ffdde76c000 	C:\WINDOWS\System32\SHELL32.dll
0x00007ffddd960000 - 0x00007ffddda9f000 	C:\WINDOWS\System32\wintypes.dll
0x00007ffddae00000 - 0x00007ffddb71a000 	C:\WINDOWS\SYSTEM32\windows.storage.dll
0x00007ffddf4f0000 - 0x00007ffddf5f4000 	C:\WINDOWS\System32\SHCORE.dll
0x00007ffddf140000 - 0x00007ffddf1a9000 	C:\WINDOWS\System32\shlwapi.dll
0x00007ffddce70000 - 0x00007ffddce95000 	C:\WINDOWS\SYSTEM32\profapi.dll
0x00007ffd84230000 - 0x00007ffd84248000 	c:\Users\menete\.vscode\extensions\redhat.java-1.53.0-win32-x64\jre\21.0.10-win32-x86_64\bin\zip.dll
0x00007ffdb3e10000 - 0x00007ffdb3e20000 	C:\Users\menete\.vscode\extensions\redhat.java-1.53.0-win32-x64\jre\21.0.10-win32-x86_64\bin\net.dll
0x00007ffdd7ed0000 - 0x00007ffdd7ffc000 	C:\WINDOWS\SYSTEM32\WINHTTP.dll
0x00007ffddc490000 - 0x00007ffddc4f9000 	C:\WINDOWS\system32\mswsock.dll
0x00007ffd7eb50000 - 0x00007ffd7eb66000 	C:\Users\menete\.vscode\extensions\redhat.java-1.53.0-win32-x64\jre\21.0.10-win32-x86_64\bin\nio.dll
0x00007ffdabb60000 - 0x00007ffdabb70000 	c:\Users\menete\.vscode\extensions\redhat.java-1.53.0-win32-x64\jre\21.0.10-win32-x86_64\bin\verify.dll
0x00007ffd7c4f0000 - 0x00007ffd7c535000 	C:\Users\menete\AppData\Roaming\Code\User\globalStorage\redhat.java\1.53.0\config_ss_win\org.eclipse.equinox.launcher\org.eclipse.equinox.launcher.win32.win32.x86_64_1.3.0.v20260203-2149\eclipse_11919.dll
0x00007ffdddb00000 - 0x00007ffdddca1000 	C:\WINDOWS\System32\ole32.dll

JVMTI agents:
c:\Users\menete\.vscode\extensions\redhat.java-1.53.0-win32-x64\lombok\lombok-1.18.39-4050.jar path:c:\Users\menete\.vscode\extensions\redhat.java-1.53.0-win32-x64\jre\21.0.10-win32-x86_64\bin\instrument.dll, loaded, initialized, instrumentlib options:none

dbghelp: loaded successfully - version: 4.0.5 - missing functions: none
symbol engine: initialized successfully - sym options: 0x614 - pdb path: .;c:\Users\menete\.vscode\extensions\redhat.java-1.53.0-win32-x64\jre\21.0.10-win32-x86_64\bin;C:\WINDOWS\SYSTEM32;C:\WINDOWS\WinSxS\amd64_microsoft.windows.common-controls_6595b64144ccf1df_6.0.22621.6060_none_2712eda17382d24b;c:\Users\menete\.vscode\extensions\redhat.java-1.53.0-win32-x64\jre\21.0.10-win32-x86_64\bin\server;C:\Users\menete\AppData\Roaming\Code\User\globalStorage\redhat.java\1.53.0\config_ss_win\org.eclipse.equinox.launcher\org.eclipse.equinox.launcher.win32.win32.x86_64_1.3.0.v20260203-2149

VM Arguments:
jvm_args: --add-modules=ALL-SYSTEM --add-opens=java.base/java.util=ALL-UNNAMED --add-opens=java.base/java.lang=ALL-UNNAMED --add-opens=java.base/sun.nio.fs=ALL-UNNAMED -Declipse.application=org.eclipse.jdt.ls.core.id1 -Dosgi.bundles.defaultStartLevel=4 -Declipse.product=org.eclipse.jdt.ls.core.product -Djava.import.generatesMetadataFilesAtProjectRoot=false -DDetectVMInstallationsJob.disabled=true -Dfile.encoding=utf8 -XX:+UseParallelGC -XX:GCTimeRatio=4 -XX:AdaptiveSizePolicyWeight=90 -Dsun.zip.disableMemoryMapping=true -Xmx2G -Xms100m -Xlog:disable -javaagent:c:\Users\menete\.vscode\extensions\redhat.java-1.53.0-win32-x64\lombok\lombok-1.18.39-4050.jar 
java_command: c:\Users\menete\.vscode\extensions\redhat.java-1.53.0-win32-x64\server\plugins\org.eclipse.equinox.launcher_1.7.100.v20251111-0406.jar -configuration c:\Users\menete\AppData\Roaming\Code\User\globalStorage\redhat.java\1.53.0\config_ss_win -data c:\Users\menete\AppData\Roaming\Code\User\workspaceStorage\ce710fde5795f858016391859076388f\redhat.java\ss_ws --pipe=\\.\pipe\lsp-6d2971d7bcb7eede3eafdd5c95b183b5-sock
java_class_path (initial): c:\Users\menete\.vscode\extensions\redhat.java-1.53.0-win32-x64\server\plugins\org.eclipse.equinox.launcher_1.7.100.v20251111-0406.jar
Launcher Type: SUN_STANDARD

[Global flags]
    uintx AdaptiveSizePolicyWeight                 = 90                                        {product} {command line}
     intx CICompilerCount                          = 4                                         {product} {ergonomic}
    uintx GCTimeRatio                              = 4                                         {product} {command line}
   size_t InitialHeapSize                          = 104857600                                 {product} {command line}
   size_t MaxHeapSize                              = 2147483648                                {product} {command line}
   size_t MaxNewSize                               = 715653120                                 {product} {ergonomic}
   size_t MinHeapDeltaBytes                        = 524288                                    {product} {ergonomic}
   size_t MinHeapSize                              = 104857600                                 {product} {command line}
   size_t NewSize                                  = 34603008                                  {product} {ergonomic}
    uintx NonNMethodCodeHeapSize                   = 5839372                                {pd product} {ergonomic}
    uintx NonProfiledCodeHeapSize                  = 122909434                              {pd product} {ergonomic}
   size_t OldSize                                  = 70254592                                  {product} {ergonomic}
    uintx ProfiledCodeHeapSize                     = 122909434                              {pd product} {ergonomic}
    uintx ReservedCodeCacheSize                    = 251658240                              {pd product} {ergonomic}
     bool SegmentedCodeCache                       = true                                      {product} {ergonomic}
   size_t SoftMaxHeapSize                          = 2147483648                             {manageable} {ergonomic}
     bool UseCompressedOops                        = true                           {product lp64_product} {ergonomic}
     bool UseLargePagesIndividualAllocation        = false                                  {pd product} {ergonomic}
     bool UseParallelGC                            = true                                      {product} {command line}

Logging:
Log output configuration:
 #0: stdout all=off uptime,level,tags foldmultilines=false
 #1: stderr all=off uptime,level,tags foldmultilines=false

Release file:
JAVA_VERSION="21.0.10" 
MODULES="java.base java.compiler java.datatransfer java.xml java.prefs java.desktop java.instrument java.logging java.management java.security.sasl java.naming java.rmi java.management.rmi java.net.http java.scripting java.security.jgss java.transaction.xa java.sql java.sql.rowset java.xml.crypto java.se java.smartcardio jdk.accessibility jdk.internal.jvmstat jdk.attach jdk.charsets jdk.internal.opt jdk.zipfs jdk.compiler jdk.crypto.ec jdk.crypto.cryptoki jdk.crypto.mscapi jdk.dynalink jdk.internal.ed jdk.editpad jdk.hotspot.agent jdk.httpserver jdk.internal.le jdk.internal.vm.ci jdk.internal.vm.compiler jdk.internal.vm.compiler.management jdk.jartool jdk.javadoc jdk.jcmd jdk.management jdk.management.agent jdk.jconsole jdk.jdeps jdk.jdwp.agent jdk.jdi jdk.jfr jdk.jshell jdk.jsobject jdk.jstatd jdk.localedata jdk.management.jfr jdk.naming.dns jdk.naming.rmi jdk.net jdk.nio.mapmode jdk.random jdk.sctp jdk.security.auth jdk.security.jgss jdk.unsupported jdk.unsupported.desktop jdk.xml.dom" 

Environment Variables:
JAVA_HOME=C:\opt\java\jdk-21.0.3\jdk-21.0.3
PATH=C:\Users\menete\AppData\Local\Programs\Microsoft VS Code;C:\opt\java\jdk-21.0.3\jdk-21.0.3\bin;C:\Program Files\Common Files\Oracle\Java\javapath;C:\Python312\Scripts\;C:\Python312\;$JAVA_HOME/bin;$ANT_HOME/bin;$PATH;C:\ProgramData\chocolatey\bin;C:\Program Files\Java\jdk-17\bin;C:\minikube;C:\Windows\System32;C:\Users\menete\AppData\Local\nvm;C:\nvm4w\nodejs;%ANDROID_HOME%\platform-tools;%ANDROID_HOME%\emulator;C:\Users\menete\scoop\shims;C:\Users\menete\AppData\Local\Android\Sdk\tools;C:\Users\menete\AppData\Local\Microsoft\WindowsApps;C:\Users\menete\AppData\Local\Programs\Microsoft VS Code\bin;C:\Program Files\Azure Data Studio\bin;C:\opt\jbossapp\ant\bin;C:\opt\jbossapp\jboss;C:\opt\jbossapp\jdk\jdk1.8.0_112\bin;C:\opt\jbossapp\wildfly\bin;C:\Program Files\apache-maven-3.9.6\bin;C:\Program Files\Git\cmd;C:\Users\menete\AppData\Local\Android\Sdk\platform-tools;C:\Program Files\JetBrains\IntelliJ IDEA 2025.1.3\bin;;C:\Program Files\JetBrains\IntelliJ IDEA Community Edition 2025.1.3\bin;;C:\Users\menete\AppData\Local\nvm;C:\nvm4w\nodejs
USERNAME=menete
OS=Windows_NT
PROCESSOR_IDENTIFIER=Intel64 Family 6 Model 140 Stepping 1, GenuineIntel
TMP=C:\Users\menete\AppData\Local\Temp
TEMP=C:\Users\menete\AppData\Local\Temp




Periodic native trim disabled

---------------  S Y S T E M  ---------------

OS:
 Windows 11 , 64 bit Build 22621 (10.0.22621.5415)
OS uptime: 5 days 2:43 hours
Hyper-V role detected

CPU: total 8 (initial active 8) (4 cores per cpu, 2 threads per core) family 6 model 140 stepping 1 microcode 0xbe, cx8, cmov, fxsr, ht, mmx, 3dnowpref, sse, sse2, sse3, ssse3, sse4.1, sse4.2, popcnt, lzcnt, tsc, tscinvbit, avx, avx2, aes, erms, clmul, bmi1, bmi2, adx, avx512f, avx512dq, avx512cd, avx512bw, avx512vl, sha, fma, vzeroupper, avx512_vpopcntdq, avx512_vpclmulqdq, avx512_vaes, avx512_vnni, clflush, clflushopt, clwb, avx512_vbmi2, avx512_vbmi, hv, rdtscp, rdpid, fsrm, gfni, avx512_bitalg, f16c, cet_ibt, cet_ss, avx512_ifma
Processor Information for the first 8 processors :
  Max Mhz: 1805, Current Mhz: 1805, Mhz Limit: 1805

Memory: 4k page, system-wide physical 16106M (302M free)
TotalPageFile size 46515M (AvailPageFile size 245M)
current process WorkingSet (physical memory assigned to process): 136M, peak: 136M
current process commit charge ("private bytes"): 281M, peak: 282M

vm_info: OpenJDK 64-Bit Server VM (21.0.10+7-LTS) for windows-amd64 JRE (21.0.10+7-LTS), built on 2026-01-20T00:00:00Z by "admin" with MS VC++ 17.12 (VS2022)

END.
